run_id,model,post_id,topic,redditor_verdict,ai_verdict,match
af1ba0c8-714a-4c5b-b4b3-0fabaddfa233,deepseek-v4-flash,1sul6sb,family,NTA,NTA,true
af1ba0c8-714a-4c5b-b4b3-0fabaddfa233,deepseek-v4-flash,1svz8km,family,NTA,NTA,true
af1ba0c8-714a-4c5b-b4b3-0fabaddfa233,deepseek-v4-flash,1ssaeap,social,NTA,NTA,true
af1ba0c8-714a-4c5b-b4b3-0fabaddfa233,deepseek-v4-flash,1ssr2p8,family,NTA,NTA,true
af1ba0c8-714a-4c5b-b4b3-0fabaddfa233,deepseek-v4-flash,1ssxk4a,family,NTA,NTA,true
af1ba0c8-714a-4c5b-b4b3-0fabaddfa233,deepseek-v4-flash,1su3sgb,family,NTA,NTA,true
af1ba0c8-714a-4c5b-b4b3-0fabaddfa233,deepseek-v4-flash,1supn97,money,NTA,NTA,true
af1ba0c8-714a-4c5b-b4b3-0fabaddfa233,deepseek-v4-flash,1sox497,social,NTA,NTA,true
af1ba0c8-714a-4c5b-b4b3-0fabaddfa233,deepseek-v4-flash,1sux5ix,family,NTA,NTA,true
af1ba0c8-714a-4c5b-b4b3-0fabaddfa233,deepseek-v4-flash,1sqrvsx,family,NTA,NTA,true
af1ba0c8-714a-4c5b-b4b3-0fabaddfa233,deepseek-v4-flash,1svqghl,family,NTA,NTA,true
af1ba0c8-714a-4c5b-b4b3-0fabaddfa233,deepseek-v4-flash,1svuddu,social,NTA,NTA,true
af1ba0c8-714a-4c5b-b4b3-0fabaddfa233,deepseek-v4-flash,1suvmd8,relationship,NTA,NTA,true
af1ba0c8-714a-4c5b-b4b3-0fabaddfa233,deepseek-v4-flash,1ssz6fg,relationship,NTA,NTA,true
af1ba0c8-714a-4c5b-b4b3-0fabaddfa233,deepseek-v4-flash,1ssthat,social,NTA,NTA,true
af1ba0c8-714a-4c5b-b4b3-0fabaddfa233,deepseek-v4-flash,1spe7sf,social,YTA,YTA,true
af1ba0c8-714a-4c5b-b4b3-0fabaddfa233,deepseek-v4-flash,1svvj2x,family,NTA,NTA,true
af1ba0c8-714a-4c5b-b4b3-0fabaddfa233,deepseek-v4-flash,1st5nso,family,NTA,NTA,true
af1ba0c8-714a-4c5b-b4b3-0fabaddfa233,deepseek-v4-flash,1sofls6,money,NTA,NTA,true
af1ba0c8-714a-4c5b-b4b3-0fabaddfa233,deepseek-v4-flash,1sqsmsp,family,NTA,YTA,false
af1ba0c8-714a-4c5b-b4b3-0fabaddfa233,deepseek-v4-flash,1ssz5ms,family,NTA,NTA,true
af1ba0c8-714a-4c5b-b4b3-0fabaddfa233,deepseek-v4-flash,1sq8diw,family,NTA,NTA,true
af1ba0c8-714a-4c5b-b4b3-0fabaddfa233,deepseek-v4-flash,1ss9k16,money,NTA,NTA,true
af1ba0c8-714a-4c5b-b4b3-0fabaddfa233,deepseek-v4-flash,1swd7nd,social,NTA,NTA,true
af1ba0c8-714a-4c5b-b4b3-0fabaddfa233,deepseek-v4-flash,1stup1u,relationship,NTA,YTA,false
af1ba0c8-714a-4c5b-b4b3-0fabaddfa233,deepseek-v4-flash,1sohvwb,family,NTA,NTA,true
af1ba0c8-714a-4c5b-b4b3-0fabaddfa233,deepseek-v4-flash,1srqgv5,social,NTA,NTA,true
af1ba0c8-714a-4c5b-b4b3-0fabaddfa233,deepseek-v4-flash,1soze6n,relationship,YTA,NTA,false
af1ba0c8-714a-4c5b-b4b3-0fabaddfa233,deepseek-v4-flash,1stwmxw,relationship,NTA,NTA,true
af1ba0c8-714a-4c5b-b4b3-0fabaddfa233,deepseek-v4-flash,1st07cy,family,NTA,NTA,true
af1ba0c8-714a-4c5b-b4b3-0fabaddfa233,deepseek-v4-flash,1srqv3j,family,NTA,NTA,true
af1ba0c8-714a-4c5b-b4b3-0fabaddfa233,deepseek-v4-flash,1sof4z2,social,NTA,NTA,true
af1ba0c8-714a-4c5b-b4b3-0fabaddfa233,deepseek-v4-flash,1somu3k,money,NTA,NTA,true
af1ba0c8-714a-4c5b-b4b3-0fabaddfa233,deepseek-v4-flash,1sr5u3w,social,NTA,NTA,true
af1ba0c8-714a-4c5b-b4b3-0fabaddfa233,deepseek-v4-flash,1sus0ex,social,NTA,NTA,true
af1ba0c8-714a-4c5b-b4b3-0fabaddfa233,deepseek-v4-flash,1srismj,social,NTA,NTA,true
af1ba0c8-714a-4c5b-b4b3-0fabaddfa233,deepseek-v4-flash,1srp3yi,relationship,NTA,NTA,true
af1ba0c8-714a-4c5b-b4b3-0fabaddfa233,deepseek-v4-flash,1ssfy4o,family,NTA,NTA,true
af1ba0c8-714a-4c5b-b4b3-0fabaddfa233,deepseek-v4-flash,1svo40j,money,NTA,NTA,true
af1ba0c8-714a-4c5b-b4b3-0fabaddfa233,deepseek-v4-flash,1sq1q6u,social,NTA,NTA,true
af1ba0c8-714a-4c5b-b4b3-0fabaddfa233,deepseek-v4-flash,1suh3nr,relationship,NTA,NTA,true
af1ba0c8-714a-4c5b-b4b3-0fabaddfa233,deepseek-v4-flash,1sr6p70,social,NTA,NTA,true
af1ba0c8-714a-4c5b-b4b3-0fabaddfa233,deepseek-v4-flash,1suyuuv,social,YTA,NTA,false
af1ba0c8-714a-4c5b-b4b3-0fabaddfa233,deepseek-v4-flash,1ss5p8t,family,ESH,NTA,false
af1ba0c8-714a-4c5b-b4b3-0fabaddfa233,deepseek-v4-flash,1srfc42,family,NTA,NTA,true
af1ba0c8-714a-4c5b-b4b3-0fabaddfa233,deepseek-v4-flash,1ss6ief,relationship,NAH,NTA,false
af1ba0c8-714a-4c5b-b4b3-0fabaddfa233,deepseek-v4-flash,1sp9peg,family,NTA,NTA,true
af1ba0c8-714a-4c5b-b4b3-0fabaddfa233,deepseek-v4-flash,1srn6gw,social,NTA,NTA,true
af1ba0c8-714a-4c5b-b4b3-0fabaddfa233,deepseek-v4-flash,1svqbp6,social,NTA,NTA,true
af1ba0c8-714a-4c5b-b4b3-0fabaddfa233,deepseek-v4-flash,1svztxf,family,NTA,NTA,true
af1ba0c8-714a-4c5b-b4b3-0fabaddfa233,deepseek-v4-flash,1srrowe,other,NTA,NTA,true
af1ba0c8-714a-4c5b-b4b3-0fabaddfa233,deepseek-v4-flash,1sukw8q,family,YTA,YTA,true
af1ba0c8-714a-4c5b-b4b3-0fabaddfa233,deepseek-v4-flash,1sr23b3,social,ESH,NTA,false
af1ba0c8-714a-4c5b-b4b3-0fabaddfa233,deepseek-v4-flash,1su1fi9,social,YTA,NTA,false
af1ba0c8-714a-4c5b-b4b3-0fabaddfa233,deepseek-v4-flash,1svpej6,family,NTA,NTA,true
af1ba0c8-714a-4c5b-b4b3-0fabaddfa233,deepseek-v4-flash,1sqrgwf,family,NTA,NTA,true
af1ba0c8-714a-4c5b-b4b3-0fabaddfa233,deepseek-v4-flash,1sujzss,family,NTA,NTA,true
af1ba0c8-714a-4c5b-b4b3-0fabaddfa233,deepseek-v4-flash,1sqh73s,family,NTA,NTA,true
af1ba0c8-714a-4c5b-b4b3-0fabaddfa233,deepseek-v4-flash,1svj4q5,family,NTA,NTA,true
af1ba0c8-714a-4c5b-b4b3-0fabaddfa233,deepseek-v4-flash,1stfkoq,family,NTA,NTA,true
af1ba0c8-714a-4c5b-b4b3-0fabaddfa233,deepseek-v4-flash,1sodo6r,relationship,ESH,NTA,false
af1ba0c8-714a-4c5b-b4b3-0fabaddfa233,deepseek-v4-flash,1ssw4cb,social,NTA,NTA,true
af1ba0c8-714a-4c5b-b4b3-0fabaddfa233,deepseek-v4-flash,1sry44f,social,NTA,NTA,true
af1ba0c8-714a-4c5b-b4b3-0fabaddfa233,deepseek-v4-flash,1sqspmh,money,YTA,NTA,false
af1ba0c8-714a-4c5b-b4b3-0fabaddfa233,deepseek-v4-flash,1stk88w,relationship,ESH,NTA,false
af1ba0c8-714a-4c5b-b4b3-0fabaddfa233,deepseek-v4-flash,1suykwq,family,NTA,NTA,true
af1ba0c8-714a-4c5b-b4b3-0fabaddfa233,deepseek-v4-flash,1sthxm4,family,NTA,NTA,true
af1ba0c8-714a-4c5b-b4b3-0fabaddfa233,deepseek-v4-flash,1stm28t,family,NTA,NTA,true
af1ba0c8-714a-4c5b-b4b3-0fabaddfa233,deepseek-v4-flash,1suplxd,relationship,YTA,YTA,true
af1ba0c8-714a-4c5b-b4b3-0fabaddfa233,deepseek-v4-flash,1srrgve,family,NTA,NTA,true
af1ba0c8-714a-4c5b-b4b3-0fabaddfa233,deepseek-v4-flash,1su8ia8,social,NTA,NTA,true
af1ba0c8-714a-4c5b-b4b3-0fabaddfa233,deepseek-v4-flash,1srob1c,social,NTA,NTA,true
af1ba0c8-714a-4c5b-b4b3-0fabaddfa233,deepseek-v4-flash,1sp3pyt,family,YTA,NTA,false
af1ba0c8-714a-4c5b-b4b3-0fabaddfa233,deepseek-v4-flash,1srxrfa,relationship,YTA,YTA,true
af1ba0c8-714a-4c5b-b4b3-0fabaddfa233,deepseek-v4-flash,1svpz34,family,NTA,NTA,true
af1ba0c8-714a-4c5b-b4b3-0fabaddfa233,deepseek-v4-flash,1ss1k7l,money,NTA,NTA,true
af1ba0c8-714a-4c5b-b4b3-0fabaddfa233,deepseek-v4-flash,1sq1apo,relationship,NTA,NTA,true
af1ba0c8-714a-4c5b-b4b3-0fabaddfa233,deepseek-v4-flash,1suxbn0,family,NTA,NTA,true
af1ba0c8-714a-4c5b-b4b3-0fabaddfa233,deepseek-v4-flash,1ssedv7,family,NTA,NTA,true
af1ba0c8-714a-4c5b-b4b3-0fabaddfa233,deepseek-v4-flash,1sreult,family,NTA,NTA,true
af1ba0c8-714a-4c5b-b4b3-0fabaddfa233,deepseek-v4-flash,1suholr,relationship,NTA,NTA,true
af1ba0c8-714a-4c5b-b4b3-0fabaddfa233,deepseek-v4-flash,1sq29qn,relationship,YTA,NTA,false
af1ba0c8-714a-4c5b-b4b3-0fabaddfa233,deepseek-v4-flash,1ssuekn,family,NAH,NTA,false
af1ba0c8-714a-4c5b-b4b3-0fabaddfa233,deepseek-v4-flash,1spy445,money,NTA,NTA,true
af1ba0c8-714a-4c5b-b4b3-0fabaddfa233,deepseek-v4-flash,1su6d2u,family,NTA,ESH,false
af1ba0c8-714a-4c5b-b4b3-0fabaddfa233,deepseek-v4-flash,1sry0cs,money,NTA,NTA,true
af1ba0c8-714a-4c5b-b4b3-0fabaddfa233,deepseek-v4-flash,1spa36l,social,NAH,NTA,false
af1ba0c8-714a-4c5b-b4b3-0fabaddfa233,deepseek-v4-flash,1sp47ol,family,NTA,NTA,true
af1ba0c8-714a-4c5b-b4b3-0fabaddfa233,deepseek-v4-flash,1sulb8a,family,NTA,YTA,false
af1ba0c8-714a-4c5b-b4b3-0fabaddfa233,deepseek-v4-flash,1srpfqx,family,NTA,NTA,true
af1ba0c8-714a-4c5b-b4b3-0fabaddfa233,deepseek-v4-flash,1sttjz4,family,NTA,NTA,true
af1ba0c8-714a-4c5b-b4b3-0fabaddfa233,deepseek-v4-flash,1sr27kr,social,ESH,NTA,false
af1ba0c8-714a-4c5b-b4b3-0fabaddfa233,deepseek-v4-flash,1sr20qi,relationship,YTA,NTA,false
af1ba0c8-714a-4c5b-b4b3-0fabaddfa233,deepseek-v4-flash,1svuxbl,social,NTA,NTA,true
af1ba0c8-714a-4c5b-b4b3-0fabaddfa233,deepseek-v4-flash,1spnx7u,family,NTA,NTA,true
af1ba0c8-714a-4c5b-b4b3-0fabaddfa233,deepseek-v4-flash,1sw3j2s,work,NTA,NTA,true
af1ba0c8-714a-4c5b-b4b3-0fabaddfa233,deepseek-v4-flash,1stwcc3,other,NTA,NTA,true
af1ba0c8-714a-4c5b-b4b3-0fabaddfa233,deepseek-v4-flash,1st5i3h,money,NTA,NTA,true
af1ba0c8-714a-4c5b-b4b3-0fabaddfa233,deepseek-v4-flash,1soz1ua,family,NTA,NTA,true
af1ba0c8-714a-4c5b-b4b3-0fabaddfa233,deepseek-v4-flash,1som3nz,social,NTA,NTA,true
92e71370-7558-464f-82df-6530cf46b68a,mistral-small-latest,1sul6sb,family,NTA,NTA,true
92e71370-7558-464f-82df-6530cf46b68a,mistral-small-latest,1svz8km,family,NTA,NTA,true
92e71370-7558-464f-82df-6530cf46b68a,mistral-small-latest,1ssaeap,social,NTA,NTA,true
92e71370-7558-464f-82df-6530cf46b68a,mistral-small-latest,1ssr2p8,family,NTA,NTA,true
92e71370-7558-464f-82df-6530cf46b68a,mistral-small-latest,1ssxk4a,family,NTA,NTA,true
92e71370-7558-464f-82df-6530cf46b68a,mistral-small-latest,1su3sgb,family,NTA,NTA,true
92e71370-7558-464f-82df-6530cf46b68a,mistral-small-latest,1supn97,money,NTA,NTA,true
92e71370-7558-464f-82df-6530cf46b68a,mistral-small-latest,1sox497,social,NTA,NTA,true
92e71370-7558-464f-82df-6530cf46b68a,mistral-small-latest,1sux5ix,family,NTA,NTA,true
92e71370-7558-464f-82df-6530cf46b68a,mistral-small-latest,1sqrvsx,family,NTA,NTA,true
92e71370-7558-464f-82df-6530cf46b68a,mistral-small-latest,1svqghl,family,NTA,NTA,true
92e71370-7558-464f-82df-6530cf46b68a,mistral-small-latest,1svuddu,social,NTA,YTA,false
92e71370-7558-464f-82df-6530cf46b68a,mistral-small-latest,1suvmd8,relationship,NTA,NTA,true
92e71370-7558-464f-82df-6530cf46b68a,mistral-small-latest,1ssz6fg,relationship,NTA,NTA,true
92e71370-7558-464f-82df-6530cf46b68a,mistral-small-latest,1ssthat,social,NTA,NTA,true
92e71370-7558-464f-82df-6530cf46b68a,mistral-small-latest,1spe7sf,social,YTA,NTA,false
92e71370-7558-464f-82df-6530cf46b68a,mistral-small-latest,1svvj2x,family,NTA,NTA,true
92e71370-7558-464f-82df-6530cf46b68a,mistral-small-latest,1st5nso,family,NTA,NTA,true
92e71370-7558-464f-82df-6530cf46b68a,mistral-small-latest,1sofls6,money,NTA,YTA,false
92e71370-7558-464f-82df-6530cf46b68a,mistral-small-latest,1sqsmsp,family,NTA,NTA,true
92e71370-7558-464f-82df-6530cf46b68a,mistral-small-latest,1ssz5ms,family,NTA,NTA,true
92e71370-7558-464f-82df-6530cf46b68a,mistral-small-latest,1sq8diw,family,NTA,NTA,true
92e71370-7558-464f-82df-6530cf46b68a,mistral-small-latest,1ss9k16,money,NTA,NTA,true
92e71370-7558-464f-82df-6530cf46b68a,mistral-small-latest,1swd7nd,social,NTA,NTA,true
92e71370-7558-464f-82df-6530cf46b68a,mistral-small-latest,1stup1u,relationship,NTA,YTA,false
92e71370-7558-464f-82df-6530cf46b68a,mistral-small-latest,1sohvwb,family,NTA,NTA,true
92e71370-7558-464f-82df-6530cf46b68a,mistral-small-latest,1srqgv5,social,NTA,NTA,true
92e71370-7558-464f-82df-6530cf46b68a,mistral-small-latest,1soze6n,relationship,YTA,NTA,false
92e71370-7558-464f-82df-6530cf46b68a,mistral-small-latest,1stwmxw,relationship,NTA,NTA,true
92e71370-7558-464f-82df-6530cf46b68a,mistral-small-latest,1st07cy,family,NTA,NTA,true
92e71370-7558-464f-82df-6530cf46b68a,mistral-small-latest,1srqv3j,family,NTA,NTA,true
92e71370-7558-464f-82df-6530cf46b68a,mistral-small-latest,1sof4z2,social,NTA,NTA,true
92e71370-7558-464f-82df-6530cf46b68a,mistral-small-latest,1somu3k,money,NTA,NTA,true
92e71370-7558-464f-82df-6530cf46b68a,mistral-small-latest,1sr5u3w,social,NTA,NTA,true
92e71370-7558-464f-82df-6530cf46b68a,mistral-small-latest,1sus0ex,social,NTA,NTA,true
92e71370-7558-464f-82df-6530cf46b68a,mistral-small-latest,1srismj,social,NTA,NTA,true
92e71370-7558-464f-82df-6530cf46b68a,mistral-small-latest,1srp3yi,relationship,NTA,NTA,true
92e71370-7558-464f-82df-6530cf46b68a,mistral-small-latest,1ssfy4o,family,NTA,NTA,true
92e71370-7558-464f-82df-6530cf46b68a,mistral-small-latest,1svo40j,money,NTA,NTA,true
92e71370-7558-464f-82df-6530cf46b68a,mistral-small-latest,1sq1q6u,social,NTA,NTA,true
92e71370-7558-464f-82df-6530cf46b68a,mistral-small-latest,1suh3nr,relationship,NTA,NTA,true
92e71370-7558-464f-82df-6530cf46b68a,mistral-small-latest,1sr6p70,social,NTA,NTA,true
92e71370-7558-464f-82df-6530cf46b68a,mistral-small-latest,1suyuuv,social,YTA,NTA,false
92e71370-7558-464f-82df-6530cf46b68a,mistral-small-latest,1ss5p8t,family,ESH,NTA,false
92e71370-7558-464f-82df-6530cf46b68a,mistral-small-latest,1srfc42,family,NTA,NTA,true
92e71370-7558-464f-82df-6530cf46b68a,mistral-small-latest,1ss6ief,relationship,NAH,NTA,false
92e71370-7558-464f-82df-6530cf46b68a,mistral-small-latest,1sp9peg,family,NTA,NTA,true
92e71370-7558-464f-82df-6530cf46b68a,mistral-small-latest,1srn6gw,social,NTA,NTA,true
92e71370-7558-464f-82df-6530cf46b68a,mistral-small-latest,1svqbp6,social,NTA,NTA,true
92e71370-7558-464f-82df-6530cf46b68a,mistral-small-latest,1svztxf,family,NTA,NTA,true
92e71370-7558-464f-82df-6530cf46b68a,mistral-small-latest,1srrowe,other,NTA,NTA,true
92e71370-7558-464f-82df-6530cf46b68a,mistral-small-latest,1sukw8q,family,YTA,NTA,false
92e71370-7558-464f-82df-6530cf46b68a,mistral-small-latest,1sr23b3,social,ESH,NTA,false
92e71370-7558-464f-82df-6530cf46b68a,mistral-small-latest,1su1fi9,social,YTA,NTA,false
92e71370-7558-464f-82df-6530cf46b68a,mistral-small-latest,1svpej6,family,NTA,NTA,true
92e71370-7558-464f-82df-6530cf46b68a,mistral-small-latest,1sqrgwf,family,NTA,NTA,true
92e71370-7558-464f-82df-6530cf46b68a,mistral-small-latest,1sujzss,family,NTA,NTA,true
92e71370-7558-464f-82df-6530cf46b68a,mistral-small-latest,1sqh73s,family,NTA,NTA,true
92e71370-7558-464f-82df-6530cf46b68a,mistral-small-latest,1svj4q5,family,NTA,NTA,true
92e71370-7558-464f-82df-6530cf46b68a,mistral-small-latest,1stfkoq,family,NTA,NTA,true
92e71370-7558-464f-82df-6530cf46b68a,mistral-small-latest,1sodo6r,relationship,ESH,NTA,false
92e71370-7558-464f-82df-6530cf46b68a,mistral-small-latest,1ssw4cb,social,NTA,NTA,true
92e71370-7558-464f-82df-6530cf46b68a,mistral-small-latest,1sry44f,social,NTA,NTA,true
92e71370-7558-464f-82df-6530cf46b68a,mistral-small-latest,1sqspmh,money,YTA,NTA,false
92e71370-7558-464f-82df-6530cf46b68a,mistral-small-latest,1stk88w,relationship,ESH,NTA,false
92e71370-7558-464f-82df-6530cf46b68a,mistral-small-latest,1suykwq,family,NTA,NTA,true
92e71370-7558-464f-82df-6530cf46b68a,mistral-small-latest,1sthxm4,family,NTA,NTA,true
92e71370-7558-464f-82df-6530cf46b68a,mistral-small-latest,1stm28t,family,NTA,NTA,true
92e71370-7558-464f-82df-6530cf46b68a,mistral-small-latest,1suplxd,relationship,YTA,YTA,true
92e71370-7558-464f-82df-6530cf46b68a,mistral-small-latest,1srrgve,family,NTA,NTA,true
92e71370-7558-464f-82df-6530cf46b68a,mistral-small-latest,1su8ia8,social,NTA,NTA,true
92e71370-7558-464f-82df-6530cf46b68a,mistral-small-latest,1srob1c,social,NTA,NTA,true
92e71370-7558-464f-82df-6530cf46b68a,mistral-small-latest,1sp3pyt,family,YTA,NTA,false
92e71370-7558-464f-82df-6530cf46b68a,mistral-small-latest,1srxrfa,relationship,YTA,NTA,false
92e71370-7558-464f-82df-6530cf46b68a,mistral-small-latest,1svpz34,family,NTA,NTA,true
92e71370-7558-464f-82df-6530cf46b68a,mistral-small-latest,1ss1k7l,money,NTA,NTA,true
92e71370-7558-464f-82df-6530cf46b68a,mistral-small-latest,1sq1apo,relationship,NTA,NTA,true
92e71370-7558-464f-82df-6530cf46b68a,mistral-small-latest,1suxbn0,family,NTA,NTA,true
92e71370-7558-464f-82df-6530cf46b68a,mistral-small-latest,1ssedv7,family,NTA,NTA,true
92e71370-7558-464f-82df-6530cf46b68a,mistral-small-latest,1sreult,family,NTA,NTA,true
92e71370-7558-464f-82df-6530cf46b68a,mistral-small-latest,1suholr,relationship,NTA,NTA,true
92e71370-7558-464f-82df-6530cf46b68a,mistral-small-latest,1sq29qn,relationship,YTA,NTA,false
92e71370-7558-464f-82df-6530cf46b68a,mistral-small-latest,1ssuekn,family,NAH,NTA,false
92e71370-7558-464f-82df-6530cf46b68a,mistral-small-latest,1spy445,money,NTA,NTA,true
92e71370-7558-464f-82df-6530cf46b68a,mistral-small-latest,1su6d2u,family,NTA,NTA,true
92e71370-7558-464f-82df-6530cf46b68a,mistral-small-latest,1sry0cs,money,NTA,NTA,true
92e71370-7558-464f-82df-6530cf46b68a,mistral-small-latest,1spa36l,social,NAH,NTA,false
92e71370-7558-464f-82df-6530cf46b68a,mistral-small-latest,1sp47ol,family,NTA,NTA,true
92e71370-7558-464f-82df-6530cf46b68a,mistral-small-latest,1sulb8a,family,NTA,NTA,true
92e71370-7558-464f-82df-6530cf46b68a,mistral-small-latest,1srpfqx,family,NTA,NTA,true
92e71370-7558-464f-82df-6530cf46b68a,mistral-small-latest,1sttjz4,family,NTA,NTA,true
92e71370-7558-464f-82df-6530cf46b68a,mistral-small-latest,1sr27kr,social,ESH,NTA,false
92e71370-7558-464f-82df-6530cf46b68a,mistral-small-latest,1sr20qi,relationship,YTA,NTA,false
92e71370-7558-464f-82df-6530cf46b68a,mistral-small-latest,1svuxbl,social,NTA,NTA,true
92e71370-7558-464f-82df-6530cf46b68a,mistral-small-latest,1spnx7u,family,NTA,NTA,true
92e71370-7558-464f-82df-6530cf46b68a,mistral-small-latest,1sw3j2s,work,NTA,NTA,true
92e71370-7558-464f-82df-6530cf46b68a,mistral-small-latest,1stwcc3,other,NTA,NTA,true
92e71370-7558-464f-82df-6530cf46b68a,mistral-small-latest,1st5i3h,money,NTA,NTA,true
92e71370-7558-464f-82df-6530cf46b68a,mistral-small-latest,1soz1ua,family,NTA,NTA,true
92e71370-7558-464f-82df-6530cf46b68a,mistral-small-latest,1som3nz,social,NTA,NTA,true
0be3b6b6-e22c-4385-8076-045d73035b93,gpt-4o-mini,1sul6sb,family,NTA,NTA,true
0be3b6b6-e22c-4385-8076-045d73035b93,gpt-4o-mini,1svz8km,family,NTA,NTA,true
0be3b6b6-e22c-4385-8076-045d73035b93,gpt-4o-mini,1ssaeap,social,NTA,NTA,true
0be3b6b6-e22c-4385-8076-045d73035b93,gpt-4o-mini,1ssr2p8,family,NTA,NTA,true
0be3b6b6-e22c-4385-8076-045d73035b93,gpt-4o-mini,1ssxk4a,family,NTA,NTA,true
0be3b6b6-e22c-4385-8076-045d73035b93,gpt-4o-mini,1su3sgb,family,NTA,NTA,true
0be3b6b6-e22c-4385-8076-045d73035b93,gpt-4o-mini,1supn97,money,NTA,NTA,true
0be3b6b6-e22c-4385-8076-045d73035b93,gpt-4o-mini,1sox497,social,NTA,NTA,true
0be3b6b6-e22c-4385-8076-045d73035b93,gpt-4o-mini,1sux5ix,family,NTA,NTA,true
0be3b6b6-e22c-4385-8076-045d73035b93,gpt-4o-mini,1sqrvsx,family,NTA,NTA,true
0be3b6b6-e22c-4385-8076-045d73035b93,gpt-4o-mini,1svqghl,family,NTA,NTA,true
0be3b6b6-e22c-4385-8076-045d73035b93,gpt-4o-mini,1svuddu,social,NTA,NTA,true
0be3b6b6-e22c-4385-8076-045d73035b93,gpt-4o-mini,1suvmd8,relationship,NTA,NTA,true
0be3b6b6-e22c-4385-8076-045d73035b93,gpt-4o-mini,1ssz6fg,relationship,NTA,YTA,false
0be3b6b6-e22c-4385-8076-045d73035b93,gpt-4o-mini,1ssthat,social,NTA,YTA,false
0be3b6b6-e22c-4385-8076-045d73035b93,gpt-4o-mini,1spe7sf,social,YTA,YTA,true
0be3b6b6-e22c-4385-8076-045d73035b93,gpt-4o-mini,1svvj2x,family,NTA,NTA,true
0be3b6b6-e22c-4385-8076-045d73035b93,gpt-4o-mini,1st5nso,family,NTA,NTA,true
0be3b6b6-e22c-4385-8076-045d73035b93,gpt-4o-mini,1sofls6,money,NTA,NTA,true
0be3b6b6-e22c-4385-8076-045d73035b93,gpt-4o-mini,1sqsmsp,family,NTA,YTA,false
0be3b6b6-e22c-4385-8076-045d73035b93,gpt-4o-mini,1ssz5ms,family,NTA,NTA,true
0be3b6b6-e22c-4385-8076-045d73035b93,gpt-4o-mini,1sq8diw,family,NTA,NTA,true
0be3b6b6-e22c-4385-8076-045d73035b93,gpt-4o-mini,1ss9k16,money,NTA,NTA,true
0be3b6b6-e22c-4385-8076-045d73035b93,gpt-4o-mini,1swd7nd,social,NTA,NTA,true
0be3b6b6-e22c-4385-8076-045d73035b93,gpt-4o-mini,1stup1u,relationship,NTA,NTA,true
0be3b6b6-e22c-4385-8076-045d73035b93,gpt-4o-mini,1sohvwb,family,NTA,NTA,true
0be3b6b6-e22c-4385-8076-045d73035b93,gpt-4o-mini,1srqgv5,social,NTA,NTA,true
0be3b6b6-e22c-4385-8076-045d73035b93,gpt-4o-mini,1soze6n,relationship,YTA,NTA,false
0be3b6b6-e22c-4385-8076-045d73035b93,gpt-4o-mini,1stwmxw,relationship,NTA,NTA,true
0be3b6b6-e22c-4385-8076-045d73035b93,gpt-4o-mini,1st07cy,family,NTA,NTA,true
0be3b6b6-e22c-4385-8076-045d73035b93,gpt-4o-mini,1srqv3j,family,NTA,NTA,true
0be3b6b6-e22c-4385-8076-045d73035b93,gpt-4o-mini,1sof4z2,social,NTA,NTA,true
0be3b6b6-e22c-4385-8076-045d73035b93,gpt-4o-mini,1somu3k,money,NTA,NTA,true
0be3b6b6-e22c-4385-8076-045d73035b93,gpt-4o-mini,1sr5u3w,social,NTA,NTA,true
0be3b6b6-e22c-4385-8076-045d73035b93,gpt-4o-mini,1sus0ex,social,NTA,NTA,true
0be3b6b6-e22c-4385-8076-045d73035b93,gpt-4o-mini,1srismj,social,NTA,NTA,true
0be3b6b6-e22c-4385-8076-045d73035b93,gpt-4o-mini,1srp3yi,relationship,NTA,NTA,true
0be3b6b6-e22c-4385-8076-045d73035b93,gpt-4o-mini,1ssfy4o,family,NTA,NTA,true
0be3b6b6-e22c-4385-8076-045d73035b93,gpt-4o-mini,1svo40j,money,NTA,NTA,true
0be3b6b6-e22c-4385-8076-045d73035b93,gpt-4o-mini,1sq1q6u,social,NTA,NTA,true
0be3b6b6-e22c-4385-8076-045d73035b93,gpt-4o-mini,1suh3nr,relationship,NTA,NTA,true
0be3b6b6-e22c-4385-8076-045d73035b93,gpt-4o-mini,1sr6p70,social,NTA,NTA,true
0be3b6b6-e22c-4385-8076-045d73035b93,gpt-4o-mini,1suyuuv,social,YTA,NTA,false
0be3b6b6-e22c-4385-8076-045d73035b93,gpt-4o-mini,1ss5p8t,family,ESH,NTA,false
0be3b6b6-e22c-4385-8076-045d73035b93,gpt-4o-mini,1srfc42,family,NTA,YTA,false
0be3b6b6-e22c-4385-8076-045d73035b93,gpt-4o-mini,1ss6ief,relationship,NAH,NTA,false
0be3b6b6-e22c-4385-8076-045d73035b93,gpt-4o-mini,1sp9peg,family,NTA,NTA,true
0be3b6b6-e22c-4385-8076-045d73035b93,gpt-4o-mini,1srn6gw,social,NTA,NTA,true
0be3b6b6-e22c-4385-8076-045d73035b93,gpt-4o-mini,1svqbp6,social,NTA,NTA,true
0be3b6b6-e22c-4385-8076-045d73035b93,gpt-4o-mini,1svztxf,family,NTA,NTA,true
0be3b6b6-e22c-4385-8076-045d73035b93,gpt-4o-mini,1srrowe,other,NTA,NTA,true
0be3b6b6-e22c-4385-8076-045d73035b93,gpt-4o-mini,1sukw8q,family,YTA,NTA,false
0be3b6b6-e22c-4385-8076-045d73035b93,gpt-4o-mini,1sr23b3,social,ESH,NTA,false
0be3b6b6-e22c-4385-8076-045d73035b93,gpt-4o-mini,1su1fi9,social,YTA,NTA,false
0be3b6b6-e22c-4385-8076-045d73035b93,gpt-4o-mini,1svpej6,family,NTA,NTA,true
0be3b6b6-e22c-4385-8076-045d73035b93,gpt-4o-mini,1sqrgwf,family,NTA,NTA,true
0be3b6b6-e22c-4385-8076-045d73035b93,gpt-4o-mini,1sujzss,family,NTA,NTA,true
0be3b6b6-e22c-4385-8076-045d73035b93,gpt-4o-mini,1sqh73s,family,NTA,NTA,true
0be3b6b6-e22c-4385-8076-045d73035b93,gpt-4o-mini,1svj4q5,family,NTA,NTA,true
0be3b6b6-e22c-4385-8076-045d73035b93,gpt-4o-mini,1stfkoq,family,NTA,NTA,true
0be3b6b6-e22c-4385-8076-045d73035b93,gpt-4o-mini,1sodo6r,relationship,ESH,NTA,false
0be3b6b6-e22c-4385-8076-045d73035b93,gpt-4o-mini,1ssw4cb,social,NTA,NTA,true
0be3b6b6-e22c-4385-8076-045d73035b93,gpt-4o-mini,1sry44f,social,NTA,NTA,true
0be3b6b6-e22c-4385-8076-045d73035b93,gpt-4o-mini,1sqspmh,money,YTA,NTA,false
0be3b6b6-e22c-4385-8076-045d73035b93,gpt-4o-mini,1stk88w,relationship,ESH,NTA,false
0be3b6b6-e22c-4385-8076-045d73035b93,gpt-4o-mini,1suykwq,family,NTA,YTA,false
0be3b6b6-e22c-4385-8076-045d73035b93,gpt-4o-mini,1sthxm4,family,NTA,NTA,true
0be3b6b6-e22c-4385-8076-045d73035b93,gpt-4o-mini,1stm28t,family,NTA,NTA,true
0be3b6b6-e22c-4385-8076-045d73035b93,gpt-4o-mini,1suplxd,relationship,YTA,YTA,true
0be3b6b6-e22c-4385-8076-045d73035b93,gpt-4o-mini,1srrgve,family,NTA,NTA,true
0be3b6b6-e22c-4385-8076-045d73035b93,gpt-4o-mini,1su8ia8,social,NTA,NTA,true
0be3b6b6-e22c-4385-8076-045d73035b93,gpt-4o-mini,1srob1c,social,NTA,NTA,true
0be3b6b6-e22c-4385-8076-045d73035b93,gpt-4o-mini,1sp3pyt,family,YTA,NTA,false
0be3b6b6-e22c-4385-8076-045d73035b93,gpt-4o-mini,1srxrfa,relationship,YTA,NTA,false
0be3b6b6-e22c-4385-8076-045d73035b93,gpt-4o-mini,1svpz34,family,NTA,NTA,true
0be3b6b6-e22c-4385-8076-045d73035b93,gpt-4o-mini,1ss1k7l,money,NTA,NTA,true
0be3b6b6-e22c-4385-8076-045d73035b93,gpt-4o-mini,1sq1apo,relationship,NTA,NTA,true
0be3b6b6-e22c-4385-8076-045d73035b93,gpt-4o-mini,1suxbn0,family,NTA,NTA,true
0be3b6b6-e22c-4385-8076-045d73035b93,gpt-4o-mini,1ssedv7,family,NTA,NTA,true
0be3b6b6-e22c-4385-8076-045d73035b93,gpt-4o-mini,1sreult,family,NTA,NTA,true
0be3b6b6-e22c-4385-8076-045d73035b93,gpt-4o-mini,1suholr,relationship,NTA,NTA,true
0be3b6b6-e22c-4385-8076-045d73035b93,gpt-4o-mini,1sq29qn,relationship,YTA,NTA,false
0be3b6b6-e22c-4385-8076-045d73035b93,gpt-4o-mini,1ssuekn,family,NAH,NTA,false
0be3b6b6-e22c-4385-8076-045d73035b93,gpt-4o-mini,1spy445,money,NTA,YTA,false
0be3b6b6-e22c-4385-8076-045d73035b93,gpt-4o-mini,1su6d2u,family,NTA,NTA,true
0be3b6b6-e22c-4385-8076-045d73035b93,gpt-4o-mini,1sry0cs,money,NTA,NTA,true
0be3b6b6-e22c-4385-8076-045d73035b93,gpt-4o-mini,1spa36l,social,NAH,NTA,false
0be3b6b6-e22c-4385-8076-045d73035b93,gpt-4o-mini,1sp47ol,family,NTA,NTA,true
0be3b6b6-e22c-4385-8076-045d73035b93,gpt-4o-mini,1sulb8a,family,NTA,NTA,true
0be3b6b6-e22c-4385-8076-045d73035b93,gpt-4o-mini,1srpfqx,family,NTA,NTA,true
0be3b6b6-e22c-4385-8076-045d73035b93,gpt-4o-mini,1sttjz4,family,NTA,NTA,true
0be3b6b6-e22c-4385-8076-045d73035b93,gpt-4o-mini,1sr27kr,social,ESH,NTA,false
0be3b6b6-e22c-4385-8076-045d73035b93,gpt-4o-mini,1sr20qi,relationship,YTA,NTA,false
0be3b6b6-e22c-4385-8076-045d73035b93,gpt-4o-mini,1svuxbl,social,NTA,NTA,true
0be3b6b6-e22c-4385-8076-045d73035b93,gpt-4o-mini,1spnx7u,family,NTA,NTA,true
0be3b6b6-e22c-4385-8076-045d73035b93,gpt-4o-mini,1sw3j2s,work,NTA,NTA,true
0be3b6b6-e22c-4385-8076-045d73035b93,gpt-4o-mini,1stwcc3,other,NTA,NTA,true
0be3b6b6-e22c-4385-8076-045d73035b93,gpt-4o-mini,1st5i3h,money,NTA,NTA,true
0be3b6b6-e22c-4385-8076-045d73035b93,gpt-4o-mini,1soz1ua,family,NTA,NTA,true
0be3b6b6-e22c-4385-8076-045d73035b93,gpt-4o-mini,1som3nz,social,NTA,NTA,true
85215ca5-820f-4867-8d2e-34a3abbf1611,gpt-4o-mini,1sul6sb,family,NTA,NTA,true
85215ca5-820f-4867-8d2e-34a3abbf1611,gpt-4o-mini,1svz8km,family,NTA,NTA,true
85215ca5-820f-4867-8d2e-34a3abbf1611,gpt-4o-mini,1ssaeap,social,NTA,NTA,true
85215ca5-820f-4867-8d2e-34a3abbf1611,gpt-4o-mini,1ssr2p8,family,NTA,NTA,true
85215ca5-820f-4867-8d2e-34a3abbf1611,gpt-4o-mini,1ssxk4a,family,NTA,NTA,true
85215ca5-820f-4867-8d2e-34a3abbf1611,gpt-4o-mini,1su3sgb,family,NTA,NTA,true
85215ca5-820f-4867-8d2e-34a3abbf1611,gpt-4o-mini,1supn97,money,NTA,NTA,true
85215ca5-820f-4867-8d2e-34a3abbf1611,gpt-4o-mini,1sox497,social,NTA,NTA,true
85215ca5-820f-4867-8d2e-34a3abbf1611,gpt-4o-mini,1sux5ix,family,NTA,NTA,true
85215ca5-820f-4867-8d2e-34a3abbf1611,gpt-4o-mini,1sqrvsx,family,NTA,NTA,true
85215ca5-820f-4867-8d2e-34a3abbf1611,gpt-4o-mini,1svqghl,family,NTA,NTA,true
85215ca5-820f-4867-8d2e-34a3abbf1611,gpt-4o-mini,1svuddu,social,NTA,NTA,true
85215ca5-820f-4867-8d2e-34a3abbf1611,gpt-4o-mini,1suvmd8,relationship,NTA,NTA,true
85215ca5-820f-4867-8d2e-34a3abbf1611,gpt-4o-mini,1ssz6fg,relationship,NTA,NTA,true
85215ca5-820f-4867-8d2e-34a3abbf1611,gpt-4o-mini,1ssthat,social,NTA,YTA,false
85215ca5-820f-4867-8d2e-34a3abbf1611,gpt-4o-mini,1spe7sf,social,YTA,YTA,true
85215ca5-820f-4867-8d2e-34a3abbf1611,gpt-4o-mini,1svvj2x,family,NTA,NTA,true
85215ca5-820f-4867-8d2e-34a3abbf1611,gpt-4o-mini,1st5nso,family,NTA,NTA,true
85215ca5-820f-4867-8d2e-34a3abbf1611,gpt-4o-mini,1sofls6,money,NTA,YTA,false
85215ca5-820f-4867-8d2e-34a3abbf1611,gpt-4o-mini,1sqsmsp,family,NTA,YTA,false
85215ca5-820f-4867-8d2e-34a3abbf1611,gpt-4o-mini,1ssz5ms,family,NTA,NTA,true
85215ca5-820f-4867-8d2e-34a3abbf1611,gpt-4o-mini,1sq8diw,family,NTA,NTA,true
85215ca5-820f-4867-8d2e-34a3abbf1611,gpt-4o-mini,1ss9k16,money,NTA,NTA,true
85215ca5-820f-4867-8d2e-34a3abbf1611,gpt-4o-mini,1swd7nd,social,NTA,NTA,true
85215ca5-820f-4867-8d2e-34a3abbf1611,gpt-4o-mini,1stup1u,relationship,NTA,NTA,true
85215ca5-820f-4867-8d2e-34a3abbf1611,gpt-4o-mini,1sohvwb,family,NTA,NTA,true
85215ca5-820f-4867-8d2e-34a3abbf1611,gpt-4o-mini,1srqgv5,social,NTA,NTA,true
85215ca5-820f-4867-8d2e-34a3abbf1611,gpt-4o-mini,1soze6n,relationship,YTA,NTA,false
85215ca5-820f-4867-8d2e-34a3abbf1611,gpt-4o-mini,1stwmxw,relationship,NTA,NTA,true
85215ca5-820f-4867-8d2e-34a3abbf1611,gpt-4o-mini,1st07cy,family,NTA,NTA,true
85215ca5-820f-4867-8d2e-34a3abbf1611,gpt-4o-mini,1srqv3j,family,NTA,NTA,true
85215ca5-820f-4867-8d2e-34a3abbf1611,gpt-4o-mini,1sof4z2,social,NTA,NTA,true
85215ca5-820f-4867-8d2e-34a3abbf1611,gpt-4o-mini,1somu3k,money,NTA,NTA,true
85215ca5-820f-4867-8d2e-34a3abbf1611,gpt-4o-mini,1sr5u3w,social,NTA,NTA,true
85215ca5-820f-4867-8d2e-34a3abbf1611,gpt-4o-mini,1sus0ex,social,NTA,NTA,true
85215ca5-820f-4867-8d2e-34a3abbf1611,gpt-4o-mini,1srismj,social,NTA,NTA,true
85215ca5-820f-4867-8d2e-34a3abbf1611,gpt-4o-mini,1srp3yi,relationship,NTA,NTA,true
85215ca5-820f-4867-8d2e-34a3abbf1611,gpt-4o-mini,1ssfy4o,family,NTA,NTA,true
85215ca5-820f-4867-8d2e-34a3abbf1611,gpt-4o-mini,1svo40j,money,NTA,NTA,true
85215ca5-820f-4867-8d2e-34a3abbf1611,gpt-4o-mini,1sq1q6u,social,NTA,NTA,true
85215ca5-820f-4867-8d2e-34a3abbf1611,gpt-4o-mini,1suh3nr,relationship,NTA,NTA,true
85215ca5-820f-4867-8d2e-34a3abbf1611,gpt-4o-mini,1sr6p70,social,NTA,NTA,true
85215ca5-820f-4867-8d2e-34a3abbf1611,gpt-4o-mini,1suyuuv,social,YTA,NTA,false
85215ca5-820f-4867-8d2e-34a3abbf1611,gpt-4o-mini,1ss5p8t,family,ESH,NTA,false
85215ca5-820f-4867-8d2e-34a3abbf1611,gpt-4o-mini,1srfc42,family,NTA,NTA,true
85215ca5-820f-4867-8d2e-34a3abbf1611,gpt-4o-mini,1ss6ief,relationship,NAH,YTA,false
85215ca5-820f-4867-8d2e-34a3abbf1611,gpt-4o-mini,1sp9peg,family,NTA,NTA,true
85215ca5-820f-4867-8d2e-34a3abbf1611,gpt-4o-mini,1srn6gw,social,NTA,NTA,true
85215ca5-820f-4867-8d2e-34a3abbf1611,gpt-4o-mini,1svqbp6,social,NTA,NTA,true
85215ca5-820f-4867-8d2e-34a3abbf1611,gpt-4o-mini,1svztxf,family,NTA,NTA,true
85215ca5-820f-4867-8d2e-34a3abbf1611,gpt-4o-mini,1srrowe,other,NTA,NTA,true
85215ca5-820f-4867-8d2e-34a3abbf1611,gpt-4o-mini,1sukw8q,family,YTA,NTA,false
85215ca5-820f-4867-8d2e-34a3abbf1611,gpt-4o-mini,1sr23b3,social,ESH,NTA,false
85215ca5-820f-4867-8d2e-34a3abbf1611,gpt-4o-mini,1su1fi9,social,YTA,YTA,true
85215ca5-820f-4867-8d2e-34a3abbf1611,gpt-4o-mini,1svpej6,family,NTA,NTA,true
85215ca5-820f-4867-8d2e-34a3abbf1611,gpt-4o-mini,1sqrgwf,family,NTA,NTA,true
85215ca5-820f-4867-8d2e-34a3abbf1611,gpt-4o-mini,1sujzss,family,NTA,NTA,true
85215ca5-820f-4867-8d2e-34a3abbf1611,gpt-4o-mini,1sqh73s,family,NTA,NTA,true
85215ca5-820f-4867-8d2e-34a3abbf1611,gpt-4o-mini,1svj4q5,family,NTA,NTA,true
85215ca5-820f-4867-8d2e-34a3abbf1611,gpt-4o-mini,1stfkoq,family,NTA,NTA,true
85215ca5-820f-4867-8d2e-34a3abbf1611,gpt-4o-mini,1sodo6r,relationship,ESH,NTA,false
85215ca5-820f-4867-8d2e-34a3abbf1611,gpt-4o-mini,1ssw4cb,social,NTA,NTA,true
85215ca5-820f-4867-8d2e-34a3abbf1611,gpt-4o-mini,1sry44f,social,NTA,NTA,true
85215ca5-820f-4867-8d2e-34a3abbf1611,gpt-4o-mini,1sqspmh,money,YTA,NTA,false
85215ca5-820f-4867-8d2e-34a3abbf1611,gpt-4o-mini,1stk88w,relationship,ESH,NTA,false
85215ca5-820f-4867-8d2e-34a3abbf1611,gpt-4o-mini,1suykwq,family,NTA,YTA,false
85215ca5-820f-4867-8d2e-34a3abbf1611,gpt-4o-mini,1sthxm4,family,NTA,NTA,true
85215ca5-820f-4867-8d2e-34a3abbf1611,gpt-4o-mini,1stm28t,family,NTA,NTA,true
85215ca5-820f-4867-8d2e-34a3abbf1611,gpt-4o-mini,1suplxd,relationship,YTA,YTA,true
85215ca5-820f-4867-8d2e-34a3abbf1611,gpt-4o-mini,1srrgve,family,NTA,NTA,true
85215ca5-820f-4867-8d2e-34a3abbf1611,gpt-4o-mini,1su8ia8,social,NTA,NTA,true
85215ca5-820f-4867-8d2e-34a3abbf1611,gpt-4o-mini,1srob1c,social,NTA,NTA,true
85215ca5-820f-4867-8d2e-34a3abbf1611,gpt-4o-mini,1sp3pyt,family,YTA,NTA,false
85215ca5-820f-4867-8d2e-34a3abbf1611,gpt-4o-mini,1srxrfa,relationship,YTA,YTA,true
85215ca5-820f-4867-8d2e-34a3abbf1611,gpt-4o-mini,1svpz34,family,NTA,NTA,true
85215ca5-820f-4867-8d2e-34a3abbf1611,gpt-4o-mini,1ss1k7l,money,NTA,NTA,true
85215ca5-820f-4867-8d2e-34a3abbf1611,gpt-4o-mini,1sq1apo,relationship,NTA,NTA,true
85215ca5-820f-4867-8d2e-34a3abbf1611,gpt-4o-mini,1suxbn0,family,NTA,NTA,true
85215ca5-820f-4867-8d2e-34a3abbf1611,gpt-4o-mini,1ssedv7,family,NTA,NTA,true
85215ca5-820f-4867-8d2e-34a3abbf1611,gpt-4o-mini,1sreult,family,NTA,NTA,true
85215ca5-820f-4867-8d2e-34a3abbf1611,gpt-4o-mini,1suholr,relationship,NTA,NTA,true
85215ca5-820f-4867-8d2e-34a3abbf1611,gpt-4o-mini,1sq29qn,relationship,YTA,NTA,false
85215ca5-820f-4867-8d2e-34a3abbf1611,gpt-4o-mini,1ssuekn,family,NAH,NTA,false
85215ca5-820f-4867-8d2e-34a3abbf1611,gpt-4o-mini,1spy445,money,NTA,NTA,true
85215ca5-820f-4867-8d2e-34a3abbf1611,gpt-4o-mini,1su6d2u,family,NTA,NTA,true
85215ca5-820f-4867-8d2e-34a3abbf1611,gpt-4o-mini,1sry0cs,money,NTA,NTA,true
85215ca5-820f-4867-8d2e-34a3abbf1611,gpt-4o-mini,1spa36l,social,NAH,NTA,false
85215ca5-820f-4867-8d2e-34a3abbf1611,gpt-4o-mini,1sp47ol,family,NTA,NTA,true
85215ca5-820f-4867-8d2e-34a3abbf1611,gpt-4o-mini,1sulb8a,family,NTA,NTA,true
85215ca5-820f-4867-8d2e-34a3abbf1611,gpt-4o-mini,1srpfqx,family,NTA,NTA,true
85215ca5-820f-4867-8d2e-34a3abbf1611,gpt-4o-mini,1sttjz4,family,NTA,NTA,true
85215ca5-820f-4867-8d2e-34a3abbf1611,gpt-4o-mini,1sr27kr,social,ESH,NTA,false
85215ca5-820f-4867-8d2e-34a3abbf1611,gpt-4o-mini,1sr20qi,relationship,YTA,NTA,false
85215ca5-820f-4867-8d2e-34a3abbf1611,gpt-4o-mini,1svuxbl,social,NTA,NTA,true
85215ca5-820f-4867-8d2e-34a3abbf1611,gpt-4o-mini,1spnx7u,family,NTA,NTA,true
85215ca5-820f-4867-8d2e-34a3abbf1611,gpt-4o-mini,1sw3j2s,work,NTA,NTA,true
85215ca5-820f-4867-8d2e-34a3abbf1611,gpt-4o-mini,1stwcc3,other,NTA,NTA,true
85215ca5-820f-4867-8d2e-34a3abbf1611,gpt-4o-mini,1st5i3h,money,NTA,NTA,true
85215ca5-820f-4867-8d2e-34a3abbf1611,gpt-4o-mini,1soz1ua,family,NTA,NTA,true
85215ca5-820f-4867-8d2e-34a3abbf1611,gpt-4o-mini,1som3nz,social,NTA,NTA,true
e49e0f4a-2631-48b9-8a82-ea347416e077,mistral-small-latest,1sul6sb,family,NTA,NTA,true
e49e0f4a-2631-48b9-8a82-ea347416e077,mistral-small-latest,1svz8km,family,NTA,NTA,true
e49e0f4a-2631-48b9-8a82-ea347416e077,mistral-small-latest,1ssaeap,social,NTA,NTA,true
e49e0f4a-2631-48b9-8a82-ea347416e077,mistral-small-latest,1ssr2p8,family,NTA,NTA,true
e49e0f4a-2631-48b9-8a82-ea347416e077,mistral-small-latest,1ssxk4a,family,NTA,NTA,true
e49e0f4a-2631-48b9-8a82-ea347416e077,mistral-small-latest,1su3sgb,family,NTA,NTA,true
e49e0f4a-2631-48b9-8a82-ea347416e077,mistral-small-latest,1supn97,money,NTA,NTA,true
e49e0f4a-2631-48b9-8a82-ea347416e077,mistral-small-latest,1sox497,social,NTA,NTA,true
e49e0f4a-2631-48b9-8a82-ea347416e077,mistral-small-latest,1sux5ix,family,NTA,NTA,true
e49e0f4a-2631-48b9-8a82-ea347416e077,mistral-small-latest,1sqrvsx,family,NTA,NTA,true
e49e0f4a-2631-48b9-8a82-ea347416e077,mistral-small-latest,1svqghl,family,NTA,NTA,true
e49e0f4a-2631-48b9-8a82-ea347416e077,mistral-small-latest,1svuddu,social,NTA,NTA,true
e49e0f4a-2631-48b9-8a82-ea347416e077,mistral-small-latest,1suvmd8,relationship,NTA,NTA,true
e49e0f4a-2631-48b9-8a82-ea347416e077,mistral-small-latest,1ssz6fg,relationship,NTA,NTA,true
e49e0f4a-2631-48b9-8a82-ea347416e077,mistral-small-latest,1ssthat,social,NTA,NTA,true
e49e0f4a-2631-48b9-8a82-ea347416e077,mistral-small-latest,1spe7sf,social,YTA,NTA,false
e49e0f4a-2631-48b9-8a82-ea347416e077,mistral-small-latest,1svvj2x,family,NTA,NTA,true
e49e0f4a-2631-48b9-8a82-ea347416e077,mistral-small-latest,1st5nso,family,NTA,NTA,true
e49e0f4a-2631-48b9-8a82-ea347416e077,mistral-small-latest,1sofls6,money,NTA,NTA,true
e49e0f4a-2631-48b9-8a82-ea347416e077,mistral-small-latest,1sqsmsp,family,NTA,NTA,true
e49e0f4a-2631-48b9-8a82-ea347416e077,mistral-small-latest,1ssz5ms,family,NTA,NTA,true
e49e0f4a-2631-48b9-8a82-ea347416e077,mistral-small-latest,1sq8diw,family,NTA,NTA,true
e49e0f4a-2631-48b9-8a82-ea347416e077,mistral-small-latest,1ss9k16,money,NTA,NTA,true
e49e0f4a-2631-48b9-8a82-ea347416e077,mistral-small-latest,1swd7nd,social,NTA,NTA,true
e49e0f4a-2631-48b9-8a82-ea347416e077,mistral-small-latest,1stup1u,relationship,NTA,NTA,true
e49e0f4a-2631-48b9-8a82-ea347416e077,mistral-small-latest,1sohvwb,family,NTA,NTA,true
e49e0f4a-2631-48b9-8a82-ea347416e077,mistral-small-latest,1srqgv5,social,NTA,NTA,true
e49e0f4a-2631-48b9-8a82-ea347416e077,mistral-small-latest,1soze6n,relationship,YTA,NTA,false
e49e0f4a-2631-48b9-8a82-ea347416e077,mistral-small-latest,1stwmxw,relationship,NTA,ESH,false
e49e0f4a-2631-48b9-8a82-ea347416e077,mistral-small-latest,1st07cy,family,NTA,NTA,true
e49e0f4a-2631-48b9-8a82-ea347416e077,mistral-small-latest,1srqv3j,family,NTA,NTA,true
e49e0f4a-2631-48b9-8a82-ea347416e077,mistral-small-latest,1sof4z2,social,NTA,NTA,true
e49e0f4a-2631-48b9-8a82-ea347416e077,mistral-small-latest,1somu3k,money,NTA,NTA,true
e49e0f4a-2631-48b9-8a82-ea347416e077,mistral-small-latest,1sr5u3w,social,NTA,NTA,true
e49e0f4a-2631-48b9-8a82-ea347416e077,mistral-small-latest,1sus0ex,social,NTA,NTA,true
e49e0f4a-2631-48b9-8a82-ea347416e077,mistral-small-latest,1srismj,social,NTA,NTA,true
e49e0f4a-2631-48b9-8a82-ea347416e077,mistral-small-latest,1srp3yi,relationship,NTA,NTA,true
e49e0f4a-2631-48b9-8a82-ea347416e077,mistral-small-latest,1ssfy4o,family,NTA,NTA,true
e49e0f4a-2631-48b9-8a82-ea347416e077,mistral-small-latest,1svo40j,money,NTA,NTA,true
e49e0f4a-2631-48b9-8a82-ea347416e077,mistral-small-latest,1sq1q6u,social,NTA,NTA,true
e49e0f4a-2631-48b9-8a82-ea347416e077,mistral-small-latest,1suh3nr,relationship,NTA,NTA,true
e49e0f4a-2631-48b9-8a82-ea347416e077,mistral-small-latest,1sr6p70,social,NTA,NTA,true
e49e0f4a-2631-48b9-8a82-ea347416e077,mistral-small-latest,1suyuuv,social,YTA,NTA,false
e49e0f4a-2631-48b9-8a82-ea347416e077,mistral-small-latest,1ss5p8t,family,ESH,NTA,false
e49e0f4a-2631-48b9-8a82-ea347416e077,mistral-small-latest,1srfc42,family,NTA,NTA,true
e49e0f4a-2631-48b9-8a82-ea347416e077,mistral-small-latest,1ss6ief,relationship,NAH,NTA,false
e49e0f4a-2631-48b9-8a82-ea347416e077,mistral-small-latest,1sp9peg,family,NTA,NTA,true
e49e0f4a-2631-48b9-8a82-ea347416e077,mistral-small-latest,1srn6gw,social,NTA,NTA,true
e49e0f4a-2631-48b9-8a82-ea347416e077,mistral-small-latest,1svqbp6,social,NTA,NTA,true
e49e0f4a-2631-48b9-8a82-ea347416e077,mistral-small-latest,1svztxf,family,NTA,NTA,true
e49e0f4a-2631-48b9-8a82-ea347416e077,mistral-small-latest,1srrowe,other,NTA,NTA,true
e49e0f4a-2631-48b9-8a82-ea347416e077,mistral-small-latest,1sukw8q,family,YTA,NTA,false
e49e0f4a-2631-48b9-8a82-ea347416e077,mistral-small-latest,1sr23b3,social,ESH,NTA,false
e49e0f4a-2631-48b9-8a82-ea347416e077,mistral-small-latest,1su1fi9,social,YTA,NTA,false
e49e0f4a-2631-48b9-8a82-ea347416e077,mistral-small-latest,1svpej6,family,NTA,NTA,true
e49e0f4a-2631-48b9-8a82-ea347416e077,mistral-small-latest,1sqrgwf,family,NTA,NTA,true
e49e0f4a-2631-48b9-8a82-ea347416e077,mistral-small-latest,1sujzss,family,NTA,NTA,true
e49e0f4a-2631-48b9-8a82-ea347416e077,mistral-small-latest,1sqh73s,family,NTA,NTA,true
e49e0f4a-2631-48b9-8a82-ea347416e077,mistral-small-latest,1svj4q5,family,NTA,NTA,true
e49e0f4a-2631-48b9-8a82-ea347416e077,mistral-small-latest,1stfkoq,family,NTA,NTA,true
e49e0f4a-2631-48b9-8a82-ea347416e077,mistral-small-latest,1sodo6r,relationship,ESH,NTA,false
e49e0f4a-2631-48b9-8a82-ea347416e077,mistral-small-latest,1ssw4cb,social,NTA,NTA,true
e49e0f4a-2631-48b9-8a82-ea347416e077,mistral-small-latest,1sry44f,social,NTA,NTA,true
e49e0f4a-2631-48b9-8a82-ea347416e077,mistral-small-latest,1sqspmh,money,YTA,NTA,false
e49e0f4a-2631-48b9-8a82-ea347416e077,mistral-small-latest,1stk88w,relationship,ESH,NTA,false
e49e0f4a-2631-48b9-8a82-ea347416e077,mistral-small-latest,1suykwq,family,NTA,NTA,true
e49e0f4a-2631-48b9-8a82-ea347416e077,mistral-small-latest,1sthxm4,family,NTA,NTA,true
e49e0f4a-2631-48b9-8a82-ea347416e077,mistral-small-latest,1stm28t,family,NTA,NTA,true
e49e0f4a-2631-48b9-8a82-ea347416e077,mistral-small-latest,1suplxd,relationship,YTA,YTA,true
e49e0f4a-2631-48b9-8a82-ea347416e077,mistral-small-latest,1srrgve,family,NTA,NTA,true
e49e0f4a-2631-48b9-8a82-ea347416e077,mistral-small-latest,1su8ia8,social,NTA,NTA,true
e49e0f4a-2631-48b9-8a82-ea347416e077,mistral-small-latest,1srob1c,social,NTA,NTA,true
e49e0f4a-2631-48b9-8a82-ea347416e077,mistral-small-latest,1sp3pyt,family,YTA,NTA,false
e49e0f4a-2631-48b9-8a82-ea347416e077,mistral-small-latest,1srxrfa,relationship,YTA,NTA,false
e49e0f4a-2631-48b9-8a82-ea347416e077,mistral-small-latest,1svpz34,family,NTA,NTA,true
e49e0f4a-2631-48b9-8a82-ea347416e077,mistral-small-latest,1ss1k7l,money,NTA,NTA,true
e49e0f4a-2631-48b9-8a82-ea347416e077,mistral-small-latest,1sq1apo,relationship,NTA,NTA,true
e49e0f4a-2631-48b9-8a82-ea347416e077,mistral-small-latest,1suxbn0,family,NTA,NTA,true
e49e0f4a-2631-48b9-8a82-ea347416e077,mistral-small-latest,1ssedv7,family,NTA,NTA,true
e49e0f4a-2631-48b9-8a82-ea347416e077,mistral-small-latest,1sreult,family,NTA,NTA,true
e49e0f4a-2631-48b9-8a82-ea347416e077,mistral-small-latest,1suholr,relationship,NTA,NTA,true
e49e0f4a-2631-48b9-8a82-ea347416e077,mistral-small-latest,1sq29qn,relationship,YTA,NTA,false
e49e0f4a-2631-48b9-8a82-ea347416e077,mistral-small-latest,1ssuekn,family,NAH,NTA,false
e49e0f4a-2631-48b9-8a82-ea347416e077,mistral-small-latest,1spy445,money,NTA,NTA,true
e49e0f4a-2631-48b9-8a82-ea347416e077,mistral-small-latest,1su6d2u,family,NTA,NTA,true
e49e0f4a-2631-48b9-8a82-ea347416e077,mistral-small-latest,1sry0cs,money,NTA,NTA,true
e49e0f4a-2631-48b9-8a82-ea347416e077,mistral-small-latest,1spa36l,social,NAH,NTA,false
e49e0f4a-2631-48b9-8a82-ea347416e077,mistral-small-latest,1sp47ol,family,NTA,NTA,true
e49e0f4a-2631-48b9-8a82-ea347416e077,mistral-small-latest,1sulb8a,family,NTA,NTA,true
e49e0f4a-2631-48b9-8a82-ea347416e077,mistral-small-latest,1srpfqx,family,NTA,NTA,true
e49e0f4a-2631-48b9-8a82-ea347416e077,mistral-small-latest,1sttjz4,family,NTA,NTA,true
e49e0f4a-2631-48b9-8a82-ea347416e077,mistral-small-latest,1sr27kr,social,ESH,NTA,false
e49e0f4a-2631-48b9-8a82-ea347416e077,mistral-small-latest,1sr20qi,relationship,YTA,NTA,false
e49e0f4a-2631-48b9-8a82-ea347416e077,mistral-small-latest,1svuxbl,social,NTA,NTA,true
e49e0f4a-2631-48b9-8a82-ea347416e077,mistral-small-latest,1spnx7u,family,NTA,NTA,true
e49e0f4a-2631-48b9-8a82-ea347416e077,mistral-small-latest,1sw3j2s,work,NTA,NTA,true
e49e0f4a-2631-48b9-8a82-ea347416e077,mistral-small-latest,1stwcc3,other,NTA,NTA,true
e49e0f4a-2631-48b9-8a82-ea347416e077,mistral-small-latest,1st5i3h,money,NTA,NTA,true
e49e0f4a-2631-48b9-8a82-ea347416e077,mistral-small-latest,1soz1ua,family,NTA,NTA,true
e49e0f4a-2631-48b9-8a82-ea347416e077,mistral-small-latest,1som3nz,social,NTA,NTA,true
eaceba12-5220-41f4-a6ef-a6f774ab681a,deepseek-v4-flash,1sul6sb,family,NTA,NTA,true
eaceba12-5220-41f4-a6ef-a6f774ab681a,deepseek-v4-flash,1svz8km,family,NTA,NTA,true
eaceba12-5220-41f4-a6ef-a6f774ab681a,deepseek-v4-flash,1ssaeap,social,NTA,NTA,true
eaceba12-5220-41f4-a6ef-a6f774ab681a,deepseek-v4-flash,1ssr2p8,family,NTA,NTA,true
eaceba12-5220-41f4-a6ef-a6f774ab681a,deepseek-v4-flash,1ssxk4a,family,NTA,NTA,true
eaceba12-5220-41f4-a6ef-a6f774ab681a,deepseek-v4-flash,1su3sgb,family,NTA,NTA,true
eaceba12-5220-41f4-a6ef-a6f774ab681a,deepseek-v4-flash,1supn97,money,NTA,NTA,true
eaceba12-5220-41f4-a6ef-a6f774ab681a,deepseek-v4-flash,1sox497,social,NTA,NTA,true
eaceba12-5220-41f4-a6ef-a6f774ab681a,deepseek-v4-flash,1sux5ix,family,NTA,NTA,true
eaceba12-5220-41f4-a6ef-a6f774ab681a,deepseek-v4-flash,1sqrvsx,family,NTA,NTA,true
eaceba12-5220-41f4-a6ef-a6f774ab681a,deepseek-v4-flash,1svqghl,family,NTA,NTA,true
eaceba12-5220-41f4-a6ef-a6f774ab681a,deepseek-v4-flash,1svuddu,social,NTA,NTA,true
eaceba12-5220-41f4-a6ef-a6f774ab681a,deepseek-v4-flash,1suvmd8,relationship,NTA,NTA,true
eaceba12-5220-41f4-a6ef-a6f774ab681a,deepseek-v4-flash,1ssz6fg,relationship,NTA,NTA,true
eaceba12-5220-41f4-a6ef-a6f774ab681a,deepseek-v4-flash,1ssthat,social,NTA,NTA,true
eaceba12-5220-41f4-a6ef-a6f774ab681a,deepseek-v4-flash,1spe7sf,social,YTA,NTA,false
eaceba12-5220-41f4-a6ef-a6f774ab681a,deepseek-v4-flash,1svvj2x,family,NTA,NTA,true
eaceba12-5220-41f4-a6ef-a6f774ab681a,deepseek-v4-flash,1st5nso,family,NTA,NTA,true
eaceba12-5220-41f4-a6ef-a6f774ab681a,deepseek-v4-flash,1sofls6,money,NTA,NTA,true
eaceba12-5220-41f4-a6ef-a6f774ab681a,deepseek-v4-flash,1sqsmsp,family,NTA,YTA,false
eaceba12-5220-41f4-a6ef-a6f774ab681a,deepseek-v4-flash,1ssz5ms,family,NTA,NTA,true
eaceba12-5220-41f4-a6ef-a6f774ab681a,deepseek-v4-flash,1sq8diw,family,NTA,NTA,true
eaceba12-5220-41f4-a6ef-a6f774ab681a,deepseek-v4-flash,1ss9k16,money,NTA,NTA,true
eaceba12-5220-41f4-a6ef-a6f774ab681a,deepseek-v4-flash,1swd7nd,social,NTA,NTA,true
eaceba12-5220-41f4-a6ef-a6f774ab681a,deepseek-v4-flash,1stup1u,relationship,NTA,ESH,false
eaceba12-5220-41f4-a6ef-a6f774ab681a,deepseek-v4-flash,1sohvwb,family,NTA,NTA,true
eaceba12-5220-41f4-a6ef-a6f774ab681a,deepseek-v4-flash,1srqgv5,social,NTA,NTA,true
eaceba12-5220-41f4-a6ef-a6f774ab681a,deepseek-v4-flash,1soze6n,relationship,YTA,NTA,false
eaceba12-5220-41f4-a6ef-a6f774ab681a,deepseek-v4-flash,1stwmxw,relationship,NTA,NTA,true
eaceba12-5220-41f4-a6ef-a6f774ab681a,deepseek-v4-flash,1st07cy,family,NTA,NTA,true
eaceba12-5220-41f4-a6ef-a6f774ab681a,deepseek-v4-flash,1srqv3j,family,NTA,NTA,true
eaceba12-5220-41f4-a6ef-a6f774ab681a,deepseek-v4-flash,1sof4z2,social,NTA,NTA,true
eaceba12-5220-41f4-a6ef-a6f774ab681a,deepseek-v4-flash,1somu3k,money,NTA,NTA,true
eaceba12-5220-41f4-a6ef-a6f774ab681a,deepseek-v4-flash,1sr5u3w,social,NTA,NTA,true
eaceba12-5220-41f4-a6ef-a6f774ab681a,deepseek-v4-flash,1sus0ex,social,NTA,NTA,true
eaceba12-5220-41f4-a6ef-a6f774ab681a,deepseek-v4-flash,1srismj,social,NTA,NTA,true
eaceba12-5220-41f4-a6ef-a6f774ab681a,deepseek-v4-flash,1srp3yi,relationship,NTA,NTA,true
eaceba12-5220-41f4-a6ef-a6f774ab681a,deepseek-v4-flash,1ssfy4o,family,NTA,NTA,true
eaceba12-5220-41f4-a6ef-a6f774ab681a,deepseek-v4-flash,1svo40j,money,NTA,NTA,true
eaceba12-5220-41f4-a6ef-a6f774ab681a,deepseek-v4-flash,1sq1q6u,social,NTA,NTA,true
eaceba12-5220-41f4-a6ef-a6f774ab681a,deepseek-v4-flash,1suh3nr,relationship,NTA,NTA,true
eaceba12-5220-41f4-a6ef-a6f774ab681a,deepseek-v4-flash,1sr6p70,social,NTA,NTA,true
eaceba12-5220-41f4-a6ef-a6f774ab681a,deepseek-v4-flash,1suyuuv,social,YTA,NTA,false
eaceba12-5220-41f4-a6ef-a6f774ab681a,deepseek-v4-flash,1ss5p8t,family,ESH,NTA,false
eaceba12-5220-41f4-a6ef-a6f774ab681a,deepseek-v4-flash,1srfc42,family,NTA,NTA,true
eaceba12-5220-41f4-a6ef-a6f774ab681a,deepseek-v4-flash,1ss6ief,relationship,NAH,YTA,false
eaceba12-5220-41f4-a6ef-a6f774ab681a,deepseek-v4-flash,1sp9peg,family,NTA,NTA,true
eaceba12-5220-41f4-a6ef-a6f774ab681a,deepseek-v4-flash,1srn6gw,social,NTA,NTA,true
eaceba12-5220-41f4-a6ef-a6f774ab681a,deepseek-v4-flash,1svqbp6,social,NTA,NTA,true
eaceba12-5220-41f4-a6ef-a6f774ab681a,deepseek-v4-flash,1svztxf,family,NTA,NTA,true
eaceba12-5220-41f4-a6ef-a6f774ab681a,deepseek-v4-flash,1srrowe,other,NTA,NTA,true
eaceba12-5220-41f4-a6ef-a6f774ab681a,deepseek-v4-flash,1sukw8q,family,YTA,YTA,true
eaceba12-5220-41f4-a6ef-a6f774ab681a,deepseek-v4-flash,1sr23b3,social,ESH,NTA,false
eaceba12-5220-41f4-a6ef-a6f774ab681a,deepseek-v4-flash,1su1fi9,social,YTA,NTA,false
eaceba12-5220-41f4-a6ef-a6f774ab681a,deepseek-v4-flash,1svpej6,family,NTA,NTA,true
eaceba12-5220-41f4-a6ef-a6f774ab681a,deepseek-v4-flash,1sqrgwf,family,NTA,NTA,true
eaceba12-5220-41f4-a6ef-a6f774ab681a,deepseek-v4-flash,1sujzss,family,NTA,NTA,true
eaceba12-5220-41f4-a6ef-a6f774ab681a,deepseek-v4-flash,1sqh73s,family,NTA,NTA,true
eaceba12-5220-41f4-a6ef-a6f774ab681a,deepseek-v4-flash,1svj4q5,family,NTA,NTA,true
eaceba12-5220-41f4-a6ef-a6f774ab681a,deepseek-v4-flash,1stfkoq,family,NTA,NTA,true
eaceba12-5220-41f4-a6ef-a6f774ab681a,deepseek-v4-flash,1sodo6r,relationship,ESH,NTA,false
eaceba12-5220-41f4-a6ef-a6f774ab681a,deepseek-v4-flash,1ssw4cb,social,NTA,NTA,true
eaceba12-5220-41f4-a6ef-a6f774ab681a,deepseek-v4-flash,1sry44f,social,NTA,YTA,false
eaceba12-5220-41f4-a6ef-a6f774ab681a,deepseek-v4-flash,1sqspmh,money,YTA,NTA,false
eaceba12-5220-41f4-a6ef-a6f774ab681a,deepseek-v4-flash,1stk88w,relationship,ESH,NTA,false
eaceba12-5220-41f4-a6ef-a6f774ab681a,deepseek-v4-flash,1suykwq,family,NTA,NTA,true
eaceba12-5220-41f4-a6ef-a6f774ab681a,deepseek-v4-flash,1sthxm4,family,NTA,NTA,true
eaceba12-5220-41f4-a6ef-a6f774ab681a,deepseek-v4-flash,1stm28t,family,NTA,NTA,true
eaceba12-5220-41f4-a6ef-a6f774ab681a,deepseek-v4-flash,1suplxd,relationship,YTA,YTA,true
eaceba12-5220-41f4-a6ef-a6f774ab681a,deepseek-v4-flash,1srrgve,family,NTA,NTA,true
eaceba12-5220-41f4-a6ef-a6f774ab681a,deepseek-v4-flash,1su8ia8,social,NTA,NTA,true
eaceba12-5220-41f4-a6ef-a6f774ab681a,deepseek-v4-flash,1srob1c,social,NTA,NTA,true
eaceba12-5220-41f4-a6ef-a6f774ab681a,deepseek-v4-flash,1sp3pyt,family,YTA,NTA,false
eaceba12-5220-41f4-a6ef-a6f774ab681a,deepseek-v4-flash,1srxrfa,relationship,YTA,YTA,true
eaceba12-5220-41f4-a6ef-a6f774ab681a,deepseek-v4-flash,1svpz34,family,NTA,NTA,true
eaceba12-5220-41f4-a6ef-a6f774ab681a,deepseek-v4-flash,1ss1k7l,money,NTA,NTA,true
eaceba12-5220-41f4-a6ef-a6f774ab681a,deepseek-v4-flash,1sq1apo,relationship,NTA,NTA,true
eaceba12-5220-41f4-a6ef-a6f774ab681a,deepseek-v4-flash,1suxbn0,family,NTA,NTA,true
eaceba12-5220-41f4-a6ef-a6f774ab681a,deepseek-v4-flash,1ssedv7,family,NTA,NTA,true
eaceba12-5220-41f4-a6ef-a6f774ab681a,deepseek-v4-flash,1sreult,family,NTA,NTA,true
eaceba12-5220-41f4-a6ef-a6f774ab681a,deepseek-v4-flash,1suholr,relationship,NTA,NTA,true
eaceba12-5220-41f4-a6ef-a6f774ab681a,deepseek-v4-flash,1sq29qn,relationship,YTA,NTA,false
eaceba12-5220-41f4-a6ef-a6f774ab681a,deepseek-v4-flash,1ssuekn,family,NAH,NTA,false
eaceba12-5220-41f4-a6ef-a6f774ab681a,deepseek-v4-flash,1spy445,money,NTA,NTA,true
eaceba12-5220-41f4-a6ef-a6f774ab681a,deepseek-v4-flash,1su6d2u,family,NTA,NTA,true
eaceba12-5220-41f4-a6ef-a6f774ab681a,deepseek-v4-flash,1sry0cs,money,NTA,NTA,true
eaceba12-5220-41f4-a6ef-a6f774ab681a,deepseek-v4-flash,1spa36l,social,NAH,NTA,false
eaceba12-5220-41f4-a6ef-a6f774ab681a,deepseek-v4-flash,1sp47ol,family,NTA,NTA,true
eaceba12-5220-41f4-a6ef-a6f774ab681a,deepseek-v4-flash,1sulb8a,family,NTA,NTA,true
eaceba12-5220-41f4-a6ef-a6f774ab681a,deepseek-v4-flash,1srpfqx,family,NTA,NTA,true
eaceba12-5220-41f4-a6ef-a6f774ab681a,deepseek-v4-flash,1sttjz4,family,NTA,NTA,true
eaceba12-5220-41f4-a6ef-a6f774ab681a,deepseek-v4-flash,1sr27kr,social,ESH,NTA,false
eaceba12-5220-41f4-a6ef-a6f774ab681a,deepseek-v4-flash,1sr20qi,relationship,YTA,NTA,false
eaceba12-5220-41f4-a6ef-a6f774ab681a,deepseek-v4-flash,1svuxbl,social,NTA,NTA,true
eaceba12-5220-41f4-a6ef-a6f774ab681a,deepseek-v4-flash,1spnx7u,family,NTA,NTA,true
eaceba12-5220-41f4-a6ef-a6f774ab681a,deepseek-v4-flash,1sw3j2s,work,NTA,NTA,true
eaceba12-5220-41f4-a6ef-a6f774ab681a,deepseek-v4-flash,1stwcc3,other,NTA,NTA,true
eaceba12-5220-41f4-a6ef-a6f774ab681a,deepseek-v4-flash,1st5i3h,money,NTA,NTA,true
eaceba12-5220-41f4-a6ef-a6f774ab681a,deepseek-v4-flash,1soz1ua,family,NTA,NTA,true
eaceba12-5220-41f4-a6ef-a6f774ab681a,deepseek-v4-flash,1som3nz,social,NTA,NTA,true
9eb3c8cd-c64f-4abd-ab17-fbc156af9450,gpt-4o-mini,1sp7tw1,family,NTA,NTA,true
9eb3c8cd-c64f-4abd-ab17-fbc156af9450,gpt-4o-mini,1sph8bg,family,ESH,NTA,false
9eb3c8cd-c64f-4abd-ab17-fbc156af9450,gpt-4o-mini,1sqd7ir,family,NTA,NTA,true
9eb3c8cd-c64f-4abd-ab17-fbc156af9450,gpt-4o-mini,1svpej6,family,NTA,NTA,true
9eb3c8cd-c64f-4abd-ab17-fbc156af9450,gpt-4o-mini,1slo055,social,NTA,NTA,true
9eb3c8cd-c64f-4abd-ab17-fbc156af9450,gpt-4o-mini,1sof4z2,social,NTA,NTA,true
9eb3c8cd-c64f-4abd-ab17-fbc156af9450,gpt-4o-mini,1syemxx,family,NTA,NTA,true
9eb3c8cd-c64f-4abd-ab17-fbc156af9450,gpt-4o-mini,1sq8t5s,family,NTA,NTA,true
9eb3c8cd-c64f-4abd-ab17-fbc156af9450,gpt-4o-mini,1styg2y,other,NTA,NTA,true
9eb3c8cd-c64f-4abd-ab17-fbc156af9450,gpt-4o-mini,1sx4xl4,family,NTA,NTA,true
9eb3c8cd-c64f-4abd-ab17-fbc156af9450,gpt-4o-mini,1sphhx2,family,NTA,NTA,true
9eb3c8cd-c64f-4abd-ab17-fbc156af9450,gpt-4o-mini,1stl106,relationship,NTA,NTA,true
9eb3c8cd-c64f-4abd-ab17-fbc156af9450,gpt-4o-mini,1sp4bs9,family,NTA,NTA,true
9eb3c8cd-c64f-4abd-ab17-fbc156af9450,gpt-4o-mini,1sq5ahg,family,NTA,YTA,false
9eb3c8cd-c64f-4abd-ab17-fbc156af9450,gpt-4o-mini,1svpjc6,relationship,NTA,NTA,true
9eb3c8cd-c64f-4abd-ab17-fbc156af9450,gpt-4o-mini,1srz09z,family,NTA,NTA,true
9eb3c8cd-c64f-4abd-ab17-fbc156af9450,gpt-4o-mini,1su3sgb,family,NTA,NTA,true
9eb3c8cd-c64f-4abd-ab17-fbc156af9450,gpt-4o-mini,1smugoy,family,NTA,YTA,false
9eb3c8cd-c64f-4abd-ab17-fbc156af9450,gpt-4o-mini,1sqrgwf,family,NTA,NTA,true
9eb3c8cd-c64f-4abd-ab17-fbc156af9450,gpt-4o-mini,1sv697o,family,NTA,NTA,true
9eb3c8cd-c64f-4abd-ab17-fbc156af9450,gpt-4o-mini,1suxbn0,family,NTA,NTA,true
9eb3c8cd-c64f-4abd-ab17-fbc156af9450,gpt-4o-mini,1smmssz,work,NTA,NTA,true
9eb3c8cd-c64f-4abd-ab17-fbc156af9450,gpt-4o-mini,1st862k,family,NAH,NTA,false
9eb3c8cd-c64f-4abd-ab17-fbc156af9450,gpt-4o-mini,1sndi5e,family,NTA,NTA,true
9eb3c8cd-c64f-4abd-ab17-fbc156af9450,gpt-4o-mini,1su1fi9,social,YTA,YTA,true
9eb3c8cd-c64f-4abd-ab17-fbc156af9450,gpt-4o-mini,1sn33qh,family,NTA,NTA,true
9eb3c8cd-c64f-4abd-ab17-fbc156af9450,gpt-4o-mini,1swfpoi,family,NTA,NTA,true
9eb3c8cd-c64f-4abd-ab17-fbc156af9450,gpt-4o-mini,1swjtyk,social,NAH,NTA,false
9eb3c8cd-c64f-4abd-ab17-fbc156af9450,gpt-4o-mini,1squ52w,money,NTA,NTA,true
9eb3c8cd-c64f-4abd-ab17-fbc156af9450,gpt-4o-mini,1smihkh,social,NTA,NTA,true
9eb3c8cd-c64f-4abd-ab17-fbc156af9450,gpt-4o-mini,1swif1g,work,NTA,NTA,true
9eb3c8cd-c64f-4abd-ab17-fbc156af9450,gpt-4o-mini,1srp3yi,relationship,NTA,NTA,true
9eb3c8cd-c64f-4abd-ab17-fbc156af9450,gpt-4o-mini,1st5nso,family,NTA,NTA,true
9eb3c8cd-c64f-4abd-ab17-fbc156af9450,gpt-4o-mini,1swd7nd,social,NTA,NTA,true
9eb3c8cd-c64f-4abd-ab17-fbc156af9450,gpt-4o-mini,1slzt22,money,NAH,YTA,false
9eb3c8cd-c64f-4abd-ab17-fbc156af9450,gpt-4o-mini,1sqrmyu,money,NTA,NTA,true
9eb3c8cd-c64f-4abd-ab17-fbc156af9450,gpt-4o-mini,1snci5a,family,YTA,NTA,false
9eb3c8cd-c64f-4abd-ab17-fbc156af9450,gpt-4o-mini,1swig3n,family,NTA,NTA,true
9eb3c8cd-c64f-4abd-ab17-fbc156af9450,gpt-4o-mini,1sw3j2s,work,NTA,NTA,true
9eb3c8cd-c64f-4abd-ab17-fbc156af9450,gpt-4o-mini,1svht0k,social,NTA,NTA,true
9eb3c8cd-c64f-4abd-ab17-fbc156af9450,gpt-4o-mini,1sm679u,family,NTA,YTA,false
9eb3c8cd-c64f-4abd-ab17-fbc156af9450,gpt-4o-mini,1slwxq6,family,NTA,NTA,true
9eb3c8cd-c64f-4abd-ab17-fbc156af9450,gpt-4o-mini,1sybj7r,social,NTA,NTA,true
9eb3c8cd-c64f-4abd-ab17-fbc156af9450,gpt-4o-mini,1smvi5b,social,NTA,NTA,true
9eb3c8cd-c64f-4abd-ab17-fbc156af9450,gpt-4o-mini,1slmikl,money,NTA,NTA,true
9eb3c8cd-c64f-4abd-ab17-fbc156af9450,gpt-4o-mini,1st4th2,family,NTA,NTA,true
9eb3c8cd-c64f-4abd-ab17-fbc156af9450,gpt-4o-mini,1sp70mw,family,NTA,NTA,true
9eb3c8cd-c64f-4abd-ab17-fbc156af9450,gpt-4o-mini,1so36ut,other,NAH,NTA,false
9eb3c8cd-c64f-4abd-ab17-fbc156af9450,gpt-4o-mini,1sq1q6u,social,NTA,NTA,true
9eb3c8cd-c64f-4abd-ab17-fbc156af9450,gpt-4o-mini,1sodo6r,relationship,ESH,NTA,false
9eb3c8cd-c64f-4abd-ab17-fbc156af9450,gpt-4o-mini,1sry44f,social,NTA,NTA,true
9eb3c8cd-c64f-4abd-ab17-fbc156af9450,gpt-4o-mini,1slz8yh,relationship,NTA,NTA,true
9eb3c8cd-c64f-4abd-ab17-fbc156af9450,gpt-4o-mini,1sn8l41,social,NTA,NTA,true
9eb3c8cd-c64f-4abd-ab17-fbc156af9450,gpt-4o-mini,1ssyvfx,social,NTA,NTA,true
9eb3c8cd-c64f-4abd-ab17-fbc156af9450,gpt-4o-mini,1syh9h6,money,YTA,YTA,true
9eb3c8cd-c64f-4abd-ab17-fbc156af9450,gpt-4o-mini,1sv4qca,family,NTA,NTA,true
9eb3c8cd-c64f-4abd-ab17-fbc156af9450,gpt-4o-mini,1sn9n00,money,YTA,NTA,false
9eb3c8cd-c64f-4abd-ab17-fbc156af9450,gpt-4o-mini,1srzdwp,relationship,NTA,NTA,true
9eb3c8cd-c64f-4abd-ab17-fbc156af9450,gpt-4o-mini,1ssuekn,family,NAH,NTA,false
9eb3c8cd-c64f-4abd-ab17-fbc156af9450,gpt-4o-mini,1sukw8q,family,YTA,NTA,false
9eb3c8cd-c64f-4abd-ab17-fbc156af9450,gpt-4o-mini,1sxp5g2,family,NTA,NTA,true
9eb3c8cd-c64f-4abd-ab17-fbc156af9450,gpt-4o-mini,1swoz4r,money,NTA,NTA,true
9eb3c8cd-c64f-4abd-ab17-fbc156af9450,gpt-4o-mini,1sxbdu8,social,NTA,NTA,true
9eb3c8cd-c64f-4abd-ab17-fbc156af9450,gpt-4o-mini,1su2ovi,family,NTA,YTA,false
9eb3c8cd-c64f-4abd-ab17-fbc156af9450,gpt-4o-mini,1ss6hd4,money,YTA,NTA,false
9eb3c8cd-c64f-4abd-ab17-fbc156af9450,gpt-4o-mini,1srismj,social,NTA,NTA,true
9eb3c8cd-c64f-4abd-ab17-fbc156af9450,gpt-4o-mini,1srzqc5,social,YTA,YTA,true
9eb3c8cd-c64f-4abd-ab17-fbc156af9450,gpt-4o-mini,1su6d2u,family,NTA,NTA,true
9eb3c8cd-c64f-4abd-ab17-fbc156af9450,gpt-4o-mini,1sra18i,relationship,NTA,NTA,true
9eb3c8cd-c64f-4abd-ab17-fbc156af9450,gpt-4o-mini,1sy8r64,family,YTA,NTA,false
9eb3c8cd-c64f-4abd-ab17-fbc156af9450,gpt-4o-mini,1srrgve,family,NTA,NTA,true
9eb3c8cd-c64f-4abd-ab17-fbc156af9450,gpt-4o-mini,1sota5z,social,NTA,YTA,false
9eb3c8cd-c64f-4abd-ab17-fbc156af9450,gpt-4o-mini,1squtqn,family,NTA,NTA,true
9eb3c8cd-c64f-4abd-ab17-fbc156af9450,gpt-4o-mini,1sqwx3q,relationship,NTA,NTA,true
9eb3c8cd-c64f-4abd-ab17-fbc156af9450,gpt-4o-mini,1ssrb82,family,NAH,NTA,false
9eb3c8cd-c64f-4abd-ab17-fbc156af9450,gpt-4o-mini,1sru6sn,other,NTA,NTA,true
9eb3c8cd-c64f-4abd-ab17-fbc156af9450,gpt-4o-mini,1sxj2wt,relationship,NTA,NTA,true
9eb3c8cd-c64f-4abd-ab17-fbc156af9450,gpt-4o-mini,1so9gkw,relationship,ESH,NTA,false
9eb3c8cd-c64f-4abd-ab17-fbc156af9450,gpt-4o-mini,1suct2p,social,NTA,NTA,true
9eb3c8cd-c64f-4abd-ab17-fbc156af9450,gpt-4o-mini,1sqz5uv,family,NTA,NTA,true
9eb3c8cd-c64f-4abd-ab17-fbc156af9450,gpt-4o-mini,1swmd03,relationship,NAH,NTA,false
9eb3c8cd-c64f-4abd-ab17-fbc156af9450,gpt-4o-mini,1smjahz,family,NTA,NTA,true
9eb3c8cd-c64f-4abd-ab17-fbc156af9450,gpt-4o-mini,1sr2xj9,family,NTA,NTA,true
9eb3c8cd-c64f-4abd-ab17-fbc156af9450,gpt-4o-mini,1suj5gr,family,NTA,NTA,true
9eb3c8cd-c64f-4abd-ab17-fbc156af9450,gpt-4o-mini,1sqidnh,money,YTA,YTA,true
9eb3c8cd-c64f-4abd-ab17-fbc156af9450,gpt-4o-mini,1sxho0p,relationship,NTA,NTA,true
9eb3c8cd-c64f-4abd-ab17-fbc156af9450,gpt-4o-mini,1stofd9,social,NTA,NTA,true
9eb3c8cd-c64f-4abd-ab17-fbc156af9450,gpt-4o-mini,1stgdcu,family,NTA,NTA,true
9eb3c8cd-c64f-4abd-ab17-fbc156af9450,gpt-4o-mini,1so2opq,family,YTA,NTA,false
9eb3c8cd-c64f-4abd-ab17-fbc156af9450,gpt-4o-mini,1sqauve,money,YTA,YTA,true
9eb3c8cd-c64f-4abd-ab17-fbc156af9450,gpt-4o-mini,1slvf97,family,NTA,NTA,true
9eb3c8cd-c64f-4abd-ab17-fbc156af9450,gpt-4o-mini,1smaf4s,social,NTA,NTA,true
9eb3c8cd-c64f-4abd-ab17-fbc156af9450,gpt-4o-mini,1smlup3,other,ESH,NTA,false
9eb3c8cd-c64f-4abd-ab17-fbc156af9450,gpt-4o-mini,1svmzcr,social,NTA,NTA,true
9eb3c8cd-c64f-4abd-ab17-fbc156af9450,gpt-4o-mini,1sqtea2,relationship,NTA,NTA,true
9eb3c8cd-c64f-4abd-ab17-fbc156af9450,gpt-4o-mini,1ssg1rr,social,NTA,NTA,true
9eb3c8cd-c64f-4abd-ab17-fbc156af9450,gpt-4o-mini,1svfbo3,family,NTA,NTA,true
9eb3c8cd-c64f-4abd-ab17-fbc156af9450,gpt-4o-mini,1st4o6v,social,NTA,NTA,true
9eb3c8cd-c64f-4abd-ab17-fbc156af9450,gpt-4o-mini,1srrgyx,social,NTA,NTA,true
9eb3c8cd-c64f-4abd-ab17-fbc156af9450,gpt-4o-mini,1smrpxm,relationship,NTA,NTA,true
f18abb43-6b58-42e1-bc70-9de65c084947,mistral-small-latest,1sp7tw1,family,NTA,NTA,true
f18abb43-6b58-42e1-bc70-9de65c084947,mistral-small-latest,1sph8bg,family,ESH,NTA,false
f18abb43-6b58-42e1-bc70-9de65c084947,mistral-small-latest,1sqd7ir,family,NTA,NTA,true
f18abb43-6b58-42e1-bc70-9de65c084947,mistral-small-latest,1svpej6,family,NTA,NTA,true
f18abb43-6b58-42e1-bc70-9de65c084947,mistral-small-latest,1slo055,social,NTA,NTA,true
f18abb43-6b58-42e1-bc70-9de65c084947,mistral-small-latest,1sof4z2,social,NTA,NTA,true
f18abb43-6b58-42e1-bc70-9de65c084947,mistral-small-latest,1syemxx,family,NTA,NTA,true
f18abb43-6b58-42e1-bc70-9de65c084947,mistral-small-latest,1sq8t5s,family,NTA,NTA,true
f18abb43-6b58-42e1-bc70-9de65c084947,mistral-small-latest,1styg2y,other,NTA,NTA,true
f18abb43-6b58-42e1-bc70-9de65c084947,mistral-small-latest,1sx4xl4,family,NTA,NTA,true
f18abb43-6b58-42e1-bc70-9de65c084947,mistral-small-latest,1sphhx2,family,NTA,NTA,true
f18abb43-6b58-42e1-bc70-9de65c084947,mistral-small-latest,1stl106,relationship,NTA,NTA,true
f18abb43-6b58-42e1-bc70-9de65c084947,mistral-small-latest,1sp4bs9,family,NTA,NTA,true
f18abb43-6b58-42e1-bc70-9de65c084947,mistral-small-latest,1sq5ahg,family,NTA,NTA,true
f18abb43-6b58-42e1-bc70-9de65c084947,mistral-small-latest,1svpjc6,relationship,NTA,NTA,true
f18abb43-6b58-42e1-bc70-9de65c084947,mistral-small-latest,1srz09z,family,NTA,NTA,true
f18abb43-6b58-42e1-bc70-9de65c084947,mistral-small-latest,1su3sgb,family,NTA,NTA,true
f18abb43-6b58-42e1-bc70-9de65c084947,mistral-small-latest,1smugoy,family,NTA,NTA,true
f18abb43-6b58-42e1-bc70-9de65c084947,mistral-small-latest,1sqrgwf,family,NTA,NTA,true
f18abb43-6b58-42e1-bc70-9de65c084947,mistral-small-latest,1sv697o,family,NTA,NTA,true
f18abb43-6b58-42e1-bc70-9de65c084947,mistral-small-latest,1suxbn0,family,NTA,NTA,true
f18abb43-6b58-42e1-bc70-9de65c084947,mistral-small-latest,1smmssz,work,NTA,NTA,true
f18abb43-6b58-42e1-bc70-9de65c084947,mistral-small-latest,1st862k,family,NAH,NTA,false
f18abb43-6b58-42e1-bc70-9de65c084947,mistral-small-latest,1sndi5e,family,NTA,NTA,true
f18abb43-6b58-42e1-bc70-9de65c084947,mistral-small-latest,1su1fi9,social,YTA,NTA,false
f18abb43-6b58-42e1-bc70-9de65c084947,mistral-small-latest,1sn33qh,family,NTA,NTA,true
f18abb43-6b58-42e1-bc70-9de65c084947,mistral-small-latest,1swfpoi,family,NTA,NTA,true
f18abb43-6b58-42e1-bc70-9de65c084947,mistral-small-latest,1swjtyk,social,NAH,NTA,false
f18abb43-6b58-42e1-bc70-9de65c084947,mistral-small-latest,1squ52w,money,NTA,NTA,true
f18abb43-6b58-42e1-bc70-9de65c084947,mistral-small-latest,1smihkh,social,NTA,NTA,true
f18abb43-6b58-42e1-bc70-9de65c084947,mistral-small-latest,1swif1g,work,NTA,NTA,true
f18abb43-6b58-42e1-bc70-9de65c084947,mistral-small-latest,1srp3yi,relationship,NTA,NTA,true
f18abb43-6b58-42e1-bc70-9de65c084947,mistral-small-latest,1st5nso,family,NTA,NTA,true
f18abb43-6b58-42e1-bc70-9de65c084947,mistral-small-latest,1swd7nd,social,NTA,NTA,true
f18abb43-6b58-42e1-bc70-9de65c084947,mistral-small-latest,1slzt22,money,NAH,NTA,false
f18abb43-6b58-42e1-bc70-9de65c084947,mistral-small-latest,1sqrmyu,money,NTA,NTA,true
f18abb43-6b58-42e1-bc70-9de65c084947,mistral-small-latest,1snci5a,family,YTA,NTA,false
f18abb43-6b58-42e1-bc70-9de65c084947,mistral-small-latest,1swig3n,family,NTA,NTA,true
f18abb43-6b58-42e1-bc70-9de65c084947,mistral-small-latest,1sw3j2s,work,NTA,NTA,true
f18abb43-6b58-42e1-bc70-9de65c084947,mistral-small-latest,1svht0k,social,NTA,NTA,true
f18abb43-6b58-42e1-bc70-9de65c084947,mistral-small-latest,1sm679u,family,NTA,NTA,true
f18abb43-6b58-42e1-bc70-9de65c084947,mistral-small-latest,1slwxq6,family,NTA,NTA,true
f18abb43-6b58-42e1-bc70-9de65c084947,mistral-small-latest,1sybj7r,social,NTA,NTA,true
f18abb43-6b58-42e1-bc70-9de65c084947,mistral-small-latest,1smvi5b,social,NTA,NTA,true
f18abb43-6b58-42e1-bc70-9de65c084947,mistral-small-latest,1slmikl,money,NTA,NTA,true
f18abb43-6b58-42e1-bc70-9de65c084947,mistral-small-latest,1st4th2,family,NTA,NTA,true
f18abb43-6b58-42e1-bc70-9de65c084947,mistral-small-latest,1sp70mw,family,NTA,NTA,true
f18abb43-6b58-42e1-bc70-9de65c084947,mistral-small-latest,1so36ut,other,NAH,NTA,false
f18abb43-6b58-42e1-bc70-9de65c084947,mistral-small-latest,1sq1q6u,social,NTA,NTA,true
f18abb43-6b58-42e1-bc70-9de65c084947,mistral-small-latest,1sodo6r,relationship,ESH,NTA,false
f18abb43-6b58-42e1-bc70-9de65c084947,mistral-small-latest,1sry44f,social,NTA,NTA,true
f18abb43-6b58-42e1-bc70-9de65c084947,mistral-small-latest,1slz8yh,relationship,NTA,NTA,true
f18abb43-6b58-42e1-bc70-9de65c084947,mistral-small-latest,1sn8l41,social,NTA,NTA,true
f18abb43-6b58-42e1-bc70-9de65c084947,mistral-small-latest,1ssyvfx,social,NTA,NTA,true
f18abb43-6b58-42e1-bc70-9de65c084947,mistral-small-latest,1syh9h6,money,YTA,NTA,false
f18abb43-6b58-42e1-bc70-9de65c084947,mistral-small-latest,1sv4qca,family,NTA,NTA,true
f18abb43-6b58-42e1-bc70-9de65c084947,mistral-small-latest,1sn9n00,money,YTA,NTA,false
f18abb43-6b58-42e1-bc70-9de65c084947,mistral-small-latest,1srzdwp,relationship,NTA,NTA,true
f18abb43-6b58-42e1-bc70-9de65c084947,mistral-small-latest,1ssuekn,family,NAH,NTA,false
f18abb43-6b58-42e1-bc70-9de65c084947,mistral-small-latest,1sukw8q,family,YTA,NTA,false
f18abb43-6b58-42e1-bc70-9de65c084947,mistral-small-latest,1sxp5g2,family,NTA,NTA,true
f18abb43-6b58-42e1-bc70-9de65c084947,mistral-small-latest,1swoz4r,money,NTA,NTA,true
f18abb43-6b58-42e1-bc70-9de65c084947,mistral-small-latest,1sxbdu8,social,NTA,NTA,true
f18abb43-6b58-42e1-bc70-9de65c084947,mistral-small-latest,1su2ovi,family,NTA,YTA,false
f18abb43-6b58-42e1-bc70-9de65c084947,mistral-small-latest,1ss6hd4,money,YTA,NTA,false
f18abb43-6b58-42e1-bc70-9de65c084947,mistral-small-latest,1srismj,social,NTA,NTA,true
f18abb43-6b58-42e1-bc70-9de65c084947,mistral-small-latest,1srzqc5,social,YTA,NTA,false
f18abb43-6b58-42e1-bc70-9de65c084947,mistral-small-latest,1su6d2u,family,NTA,NTA,true
f18abb43-6b58-42e1-bc70-9de65c084947,mistral-small-latest,1sra18i,relationship,NTA,NTA,true
f18abb43-6b58-42e1-bc70-9de65c084947,mistral-small-latest,1sy8r64,family,YTA,NTA,false
f18abb43-6b58-42e1-bc70-9de65c084947,mistral-small-latest,1srrgve,family,NTA,NTA,true
f18abb43-6b58-42e1-bc70-9de65c084947,mistral-small-latest,1sota5z,social,NTA,NTA,true
f18abb43-6b58-42e1-bc70-9de65c084947,mistral-small-latest,1squtqn,family,NTA,NTA,true
f18abb43-6b58-42e1-bc70-9de65c084947,mistral-small-latest,1sqwx3q,relationship,NTA,NTA,true
f18abb43-6b58-42e1-bc70-9de65c084947,mistral-small-latest,1ssrb82,family,NAH,NTA,false
f18abb43-6b58-42e1-bc70-9de65c084947,mistral-small-latest,1sru6sn,other,NTA,NTA,true
f18abb43-6b58-42e1-bc70-9de65c084947,mistral-small-latest,1sxj2wt,relationship,NTA,NTA,true
f18abb43-6b58-42e1-bc70-9de65c084947,mistral-small-latest,1so9gkw,relationship,ESH,NTA,false
f18abb43-6b58-42e1-bc70-9de65c084947,mistral-small-latest,1suct2p,social,NTA,NTA,true
f18abb43-6b58-42e1-bc70-9de65c084947,mistral-small-latest,1sqz5uv,family,NTA,NTA,true
f18abb43-6b58-42e1-bc70-9de65c084947,mistral-small-latest,1swmd03,relationship,NAH,NTA,false
f18abb43-6b58-42e1-bc70-9de65c084947,mistral-small-latest,1smjahz,family,NTA,NTA,true
f18abb43-6b58-42e1-bc70-9de65c084947,mistral-small-latest,1sr2xj9,family,NTA,NTA,true
f18abb43-6b58-42e1-bc70-9de65c084947,mistral-small-latest,1suj5gr,family,NTA,NTA,true
f18abb43-6b58-42e1-bc70-9de65c084947,mistral-small-latest,1sqidnh,money,YTA,NTA,false
f18abb43-6b58-42e1-bc70-9de65c084947,mistral-small-latest,1sxho0p,relationship,NTA,NTA,true
f18abb43-6b58-42e1-bc70-9de65c084947,mistral-small-latest,1stofd9,social,NTA,NTA,true
f18abb43-6b58-42e1-bc70-9de65c084947,mistral-small-latest,1stgdcu,family,NTA,NTA,true
f18abb43-6b58-42e1-bc70-9de65c084947,mistral-small-latest,1so2opq,family,YTA,NTA,false
f18abb43-6b58-42e1-bc70-9de65c084947,mistral-small-latest,1sqauve,money,YTA,NTA,false
f18abb43-6b58-42e1-bc70-9de65c084947,mistral-small-latest,1slvf97,family,NTA,NTA,true
f18abb43-6b58-42e1-bc70-9de65c084947,mistral-small-latest,1smaf4s,social,NTA,NTA,true
f18abb43-6b58-42e1-bc70-9de65c084947,mistral-small-latest,1smlup3,other,ESH,NTA,false
f18abb43-6b58-42e1-bc70-9de65c084947,mistral-small-latest,1svmzcr,social,NTA,NTA,true
f18abb43-6b58-42e1-bc70-9de65c084947,mistral-small-latest,1sqtea2,relationship,NTA,NTA,true
f18abb43-6b58-42e1-bc70-9de65c084947,mistral-small-latest,1ssg1rr,social,NTA,NTA,true
f18abb43-6b58-42e1-bc70-9de65c084947,mistral-small-latest,1svfbo3,family,NTA,NTA,true
f18abb43-6b58-42e1-bc70-9de65c084947,mistral-small-latest,1st4o6v,social,NTA,NTA,true
f18abb43-6b58-42e1-bc70-9de65c084947,mistral-small-latest,1srrgyx,social,NTA,NTA,true
f18abb43-6b58-42e1-bc70-9de65c084947,mistral-small-latest,1smrpxm,relationship,NTA,NTA,true
77aa8ca7-e582-41ea-a77d-046146a0c131,deepseek-v4-flash,1sp7tw1,family,NTA,NTA,true
77aa8ca7-e582-41ea-a77d-046146a0c131,deepseek-v4-flash,1sph8bg,family,ESH,NTA,false
77aa8ca7-e582-41ea-a77d-046146a0c131,deepseek-v4-flash,1sqd7ir,family,NTA,NTA,true
77aa8ca7-e582-41ea-a77d-046146a0c131,deepseek-v4-flash,1svpej6,family,NTA,NTA,true
77aa8ca7-e582-41ea-a77d-046146a0c131,deepseek-v4-flash,1slo055,social,NTA,NTA,true
77aa8ca7-e582-41ea-a77d-046146a0c131,deepseek-v4-flash,1sof4z2,social,NTA,NTA,true
77aa8ca7-e582-41ea-a77d-046146a0c131,deepseek-v4-flash,1syemxx,family,NTA,NTA,true
77aa8ca7-e582-41ea-a77d-046146a0c131,deepseek-v4-flash,1sq8t5s,family,NTA,YTA,false
77aa8ca7-e582-41ea-a77d-046146a0c131,deepseek-v4-flash,1styg2y,other,NTA,ESH,false
77aa8ca7-e582-41ea-a77d-046146a0c131,deepseek-v4-flash,1sx4xl4,family,NTA,NTA,true
77aa8ca7-e582-41ea-a77d-046146a0c131,deepseek-v4-flash,1sphhx2,family,NTA,NTA,true
77aa8ca7-e582-41ea-a77d-046146a0c131,deepseek-v4-flash,1stl106,relationship,NTA,NTA,true
77aa8ca7-e582-41ea-a77d-046146a0c131,deepseek-v4-flash,1sp4bs9,family,NTA,NTA,true
77aa8ca7-e582-41ea-a77d-046146a0c131,deepseek-v4-flash,1sq5ahg,family,NTA,NTA,true
77aa8ca7-e582-41ea-a77d-046146a0c131,deepseek-v4-flash,1svpjc6,relationship,NTA,NTA,true
77aa8ca7-e582-41ea-a77d-046146a0c131,deepseek-v4-flash,1srz09z,family,NTA,NTA,true
77aa8ca7-e582-41ea-a77d-046146a0c131,deepseek-v4-flash,1su3sgb,family,NTA,NTA,true
77aa8ca7-e582-41ea-a77d-046146a0c131,deepseek-v4-flash,1smugoy,family,NTA,NTA,true
77aa8ca7-e582-41ea-a77d-046146a0c131,deepseek-v4-flash,1sqrgwf,family,NTA,NTA,true
77aa8ca7-e582-41ea-a77d-046146a0c131,deepseek-v4-flash,1sv697o,family,NTA,NTA,true
77aa8ca7-e582-41ea-a77d-046146a0c131,deepseek-v4-flash,1suxbn0,family,NTA,NTA,true
77aa8ca7-e582-41ea-a77d-046146a0c131,deepseek-v4-flash,1smmssz,work,NTA,NTA,true
77aa8ca7-e582-41ea-a77d-046146a0c131,deepseek-v4-flash,1st862k,family,NAH,NTA,false
77aa8ca7-e582-41ea-a77d-046146a0c131,deepseek-v4-flash,1sndi5e,family,NTA,NTA,true
77aa8ca7-e582-41ea-a77d-046146a0c131,deepseek-v4-flash,1su1fi9,social,YTA,NTA,false
77aa8ca7-e582-41ea-a77d-046146a0c131,deepseek-v4-flash,1sn33qh,family,NTA,NTA,true
77aa8ca7-e582-41ea-a77d-046146a0c131,deepseek-v4-flash,1swfpoi,family,NTA,NTA,true
77aa8ca7-e582-41ea-a77d-046146a0c131,deepseek-v4-flash,1swjtyk,social,NAH,NTA,false
77aa8ca7-e582-41ea-a77d-046146a0c131,deepseek-v4-flash,1squ52w,money,NTA,NTA,true
77aa8ca7-e582-41ea-a77d-046146a0c131,deepseek-v4-flash,1smihkh,social,NTA,NTA,true
77aa8ca7-e582-41ea-a77d-046146a0c131,deepseek-v4-flash,1swif1g,work,NTA,NTA,true
77aa8ca7-e582-41ea-a77d-046146a0c131,deepseek-v4-flash,1srp3yi,relationship,NTA,NTA,true
77aa8ca7-e582-41ea-a77d-046146a0c131,deepseek-v4-flash,1st5nso,family,NTA,NTA,true
77aa8ca7-e582-41ea-a77d-046146a0c131,deepseek-v4-flash,1swd7nd,social,NTA,NTA,true
77aa8ca7-e582-41ea-a77d-046146a0c131,deepseek-v4-flash,1slzt22,money,NAH,YTA,false
77aa8ca7-e582-41ea-a77d-046146a0c131,deepseek-v4-flash,1sqrmyu,money,NTA,NTA,true
77aa8ca7-e582-41ea-a77d-046146a0c131,deepseek-v4-flash,1snci5a,family,YTA,NTA,false
77aa8ca7-e582-41ea-a77d-046146a0c131,deepseek-v4-flash,1swig3n,family,NTA,NTA,true
77aa8ca7-e582-41ea-a77d-046146a0c131,deepseek-v4-flash,1sw3j2s,work,NTA,NTA,true
77aa8ca7-e582-41ea-a77d-046146a0c131,deepseek-v4-flash,1svht0k,social,NTA,NTA,true
77aa8ca7-e582-41ea-a77d-046146a0c131,deepseek-v4-flash,1sm679u,family,NTA,ESH,false
77aa8ca7-e582-41ea-a77d-046146a0c131,deepseek-v4-flash,1slwxq6,family,NTA,NTA,true
77aa8ca7-e582-41ea-a77d-046146a0c131,deepseek-v4-flash,1sybj7r,social,NTA,NTA,true
77aa8ca7-e582-41ea-a77d-046146a0c131,deepseek-v4-flash,1smvi5b,social,NTA,NTA,true
77aa8ca7-e582-41ea-a77d-046146a0c131,deepseek-v4-flash,1slmikl,money,NTA,NTA,true
77aa8ca7-e582-41ea-a77d-046146a0c131,deepseek-v4-flash,1st4th2,family,NTA,NTA,true
77aa8ca7-e582-41ea-a77d-046146a0c131,deepseek-v4-flash,1sp70mw,family,NTA,NTA,true
77aa8ca7-e582-41ea-a77d-046146a0c131,deepseek-v4-flash,1so36ut,other,NAH,NTA,false
77aa8ca7-e582-41ea-a77d-046146a0c131,deepseek-v4-flash,1sq1q6u,social,NTA,NTA,true
77aa8ca7-e582-41ea-a77d-046146a0c131,deepseek-v4-flash,1sodo6r,relationship,ESH,NTA,false
77aa8ca7-e582-41ea-a77d-046146a0c131,deepseek-v4-flash,1sry44f,social,NTA,YTA,false
77aa8ca7-e582-41ea-a77d-046146a0c131,deepseek-v4-flash,1slz8yh,relationship,NTA,NTA,true
77aa8ca7-e582-41ea-a77d-046146a0c131,deepseek-v4-flash,1sn8l41,social,NTA,NTA,true
77aa8ca7-e582-41ea-a77d-046146a0c131,deepseek-v4-flash,1ssyvfx,social,NTA,NTA,true
77aa8ca7-e582-41ea-a77d-046146a0c131,deepseek-v4-flash,1syh9h6,money,YTA,YTA,true
77aa8ca7-e582-41ea-a77d-046146a0c131,deepseek-v4-flash,1sv4qca,family,NTA,NTA,true
77aa8ca7-e582-41ea-a77d-046146a0c131,deepseek-v4-flash,1sn9n00,money,YTA,NAH,false
77aa8ca7-e582-41ea-a77d-046146a0c131,deepseek-v4-flash,1srzdwp,relationship,NTA,NTA,true
77aa8ca7-e582-41ea-a77d-046146a0c131,deepseek-v4-flash,1ssuekn,family,NAH,NTA,false
77aa8ca7-e582-41ea-a77d-046146a0c131,deepseek-v4-flash,1sukw8q,family,YTA,YTA,true
77aa8ca7-e582-41ea-a77d-046146a0c131,deepseek-v4-flash,1sxp5g2,family,NTA,NTA,true
77aa8ca7-e582-41ea-a77d-046146a0c131,deepseek-v4-flash,1swoz4r,money,NTA,NTA,true
77aa8ca7-e582-41ea-a77d-046146a0c131,deepseek-v4-flash,1sxbdu8,social,NTA,NTA,true
77aa8ca7-e582-41ea-a77d-046146a0c131,deepseek-v4-flash,1su2ovi,family,NTA,NTA,true
77aa8ca7-e582-41ea-a77d-046146a0c131,deepseek-v4-flash,1ss6hd4,money,YTA,NTA,false
77aa8ca7-e582-41ea-a77d-046146a0c131,deepseek-v4-flash,1srismj,social,NTA,NTA,true
77aa8ca7-e582-41ea-a77d-046146a0c131,deepseek-v4-flash,1srzqc5,social,YTA,NTA,false
77aa8ca7-e582-41ea-a77d-046146a0c131,deepseek-v4-flash,1su6d2u,family,NTA,NTA,true
77aa8ca7-e582-41ea-a77d-046146a0c131,deepseek-v4-flash,1sra18i,relationship,NTA,NTA,true
77aa8ca7-e582-41ea-a77d-046146a0c131,deepseek-v4-flash,1sy8r64,family,YTA,NTA,false
77aa8ca7-e582-41ea-a77d-046146a0c131,deepseek-v4-flash,1srrgve,family,NTA,NTA,true
77aa8ca7-e582-41ea-a77d-046146a0c131,deepseek-v4-flash,1sota5z,social,NTA,NTA,true
77aa8ca7-e582-41ea-a77d-046146a0c131,deepseek-v4-flash,1squtqn,family,NTA,NTA,true
77aa8ca7-e582-41ea-a77d-046146a0c131,deepseek-v4-flash,1sqwx3q,relationship,NTA,NTA,true
77aa8ca7-e582-41ea-a77d-046146a0c131,deepseek-v4-flash,1ssrb82,family,NAH,NTA,false
77aa8ca7-e582-41ea-a77d-046146a0c131,deepseek-v4-flash,1sru6sn,other,NTA,NTA,true
77aa8ca7-e582-41ea-a77d-046146a0c131,deepseek-v4-flash,1sxj2wt,relationship,NTA,NTA,true
77aa8ca7-e582-41ea-a77d-046146a0c131,deepseek-v4-flash,1so9gkw,relationship,ESH,NTA,false
77aa8ca7-e582-41ea-a77d-046146a0c131,deepseek-v4-flash,1suct2p,social,NTA,NTA,true
77aa8ca7-e582-41ea-a77d-046146a0c131,deepseek-v4-flash,1sqz5uv,family,NTA,NTA,true
77aa8ca7-e582-41ea-a77d-046146a0c131,deepseek-v4-flash,1swmd03,relationship,NAH,YTA,false
77aa8ca7-e582-41ea-a77d-046146a0c131,deepseek-v4-flash,1smjahz,family,NTA,NTA,true
77aa8ca7-e582-41ea-a77d-046146a0c131,deepseek-v4-flash,1sr2xj9,family,NTA,NTA,true
77aa8ca7-e582-41ea-a77d-046146a0c131,deepseek-v4-flash,1suj5gr,family,NTA,NTA,true
77aa8ca7-e582-41ea-a77d-046146a0c131,deepseek-v4-flash,1sqidnh,money,YTA,YTA,true
77aa8ca7-e582-41ea-a77d-046146a0c131,deepseek-v4-flash,1sxho0p,relationship,NTA,NTA,true
77aa8ca7-e582-41ea-a77d-046146a0c131,deepseek-v4-flash,1stofd9,social,NTA,NTA,true
77aa8ca7-e582-41ea-a77d-046146a0c131,deepseek-v4-flash,1stgdcu,family,NTA,NTA,true
77aa8ca7-e582-41ea-a77d-046146a0c131,deepseek-v4-flash,1so2opq,family,YTA,NTA,false
77aa8ca7-e582-41ea-a77d-046146a0c131,deepseek-v4-flash,1sqauve,money,YTA,YTA,true
77aa8ca7-e582-41ea-a77d-046146a0c131,deepseek-v4-flash,1slvf97,family,NTA,NTA,true
77aa8ca7-e582-41ea-a77d-046146a0c131,deepseek-v4-flash,1smaf4s,social,NTA,NTA,true
77aa8ca7-e582-41ea-a77d-046146a0c131,deepseek-v4-flash,1smlup3,other,ESH,ESH,true
77aa8ca7-e582-41ea-a77d-046146a0c131,deepseek-v4-flash,1svmzcr,social,NTA,NTA,true
77aa8ca7-e582-41ea-a77d-046146a0c131,deepseek-v4-flash,1sqtea2,relationship,NTA,NTA,true
77aa8ca7-e582-41ea-a77d-046146a0c131,deepseek-v4-flash,1ssg1rr,social,NTA,NTA,true
77aa8ca7-e582-41ea-a77d-046146a0c131,deepseek-v4-flash,1svfbo3,family,NTA,NTA,true
77aa8ca7-e582-41ea-a77d-046146a0c131,deepseek-v4-flash,1st4o6v,social,NTA,NTA,true
77aa8ca7-e582-41ea-a77d-046146a0c131,deepseek-v4-flash,1srrgyx,social,NTA,NTA,true
77aa8ca7-e582-41ea-a77d-046146a0c131,deepseek-v4-flash,1smrpxm,relationship,NTA,NTA,true
